"AGE","GEO","SEX","TIME","VALUE","FLAGS","FOOTNOTES"
"Y_GE85","MT","T","2011","6477","",""
"Y15-29","MT","F","2011","41659","",""
"Y15-29","MT","M","2011","44293","",""
"Y_GE85","MT","M","2011","2192","",""
"Y30-49","MT","T","2011","111124","",""
"Y65-84","MT","T","2011","61714","",""
"Y50-64","MT","F","2011","45360","",""
"Y_GE85","MT","F","2011","4285","",""
"Y50-64","MT","T","2011","90437","",""
"TOTAL","MT","T","2011","417432","",""
"Y30-49","MT","M","2011","56812","",""
"Y_LT15","MT","T","2011","61728","",""
"Y50-64","MT","M","2011","45077","",""
"TOTAL","MT","M","2011","207625","",""
"Y30-49","MT","F","2011","54312","",""
"Y65-84","MT","M","2011","27578","",""
"Y_LT15","MT","F","2011","30055","",""
"Y_LT15","MT","M","2011","31673","",""
"Y15-29","MT","T","2011","85952","",""
"TOTAL","MT","F","2011","209807","",""
"Y65-84","MT","F","2011","34136","",""
"Y65-84","LU","F","2011","0","",""
"Y15-29","LU","F","2011","0","",""
"Y_GE85","LU","T","2011","0","",""
"Y_GE85","LU","F","2011","0","",""
"Y50-64","LU","F","2011","0","",""
"Y_LT15","LU","M","2011","0","",""
"Y65-84","LU","T","2011","0","",""
"Y_LT15","LU","T","2011","0","",""
"Y15-29","LU","T","2011","0","",""
"TOTAL","LU","F","2011","0","",""
"TOTAL","LU","M","2011","0","",""
"Y30-49","LU","F","2011","0","",""
"Y65-84","LU","M","2011","0","",""
"Y_GE85","LU","M","2011","0","",""
"Y30-49","LU","T","2011","0","",""
"Y50-64","LU","T","2011","0","",""
"Y_LT15","LU","F","2011","0","",""
"Y30-49","LU","M","2011","0","",""
"Y50-64","LU","M","2011","0","",""
"TOTAL","LU","T","2011","0","",""
"Y15-29","LU","M","2011","0","",""
"TOTAL","UK","F","2011","32154035","",""
"Y30-49","UK","T","2011","17588660","",""
"Y_GE85","UK","F","2011","942020","",""
"Y15-29","UK","M","2011","6349920","",""
"Y50-64","UK","T","2011","11516505","",""
"Y30-49","UK","F","2011","8869565","",""
"Y50-64","UK","M","2011","5683260","",""
"Y_GE85","UK","T","2011","1391985","",""
"Y15-29","UK","T","2011","12599990","",""
"Y30-49","UK","M","2011","8719095","",""
"Y65-84","UK","F","2011","4840570","",""
"Y65-84","UK","M","2011","4144570","",""
"Y_GE85","UK","M","2011","449965","",""
"Y15-29","UK","F","2011","6250070","",""
"Y65-84","UK","T","2011","8985140","",""
"Y_LT15","UK","T","2011","11099895","",""
"TOTAL","UK","T","2011","63182180","",""
"Y_LT15","UK","F","2011","5418565","",""
"Y_LT15","UK","M","2011","5681330","",""
"Y50-64","UK","F","2011","5833250","",""
"TOTAL","UK","M","2011","31028145","",""
"Y_LT15","SE","F","2011","770492","",""
"Y65-84","SE","M","2011","721088","",""
"Y30-49","SE","F","2011","1237203","",""
"TOTAL","SE","M","2011","4726834","",""
"Y15-29","SE","T","2011","1838374","",""
"Y15-29","SE","F","2011","894795","",""
"Y_LT15","SE","T","2011","1584270","",""
"Y_LT15","SE","M","2011","813778","",""
"Y50-64","SE","T","2011","1756360","",""
"Y30-49","SE","T","2011","2519183","",""
"TOTAL","SE","T","2011","9482855","",""
"Y_GE85","SE","T","2011","253327","",""
"Y30-49","SE","M","2011","1281980","",""
"Y65-84","SE","T","2011","1531341","",""
"Y_GE85","SE","F","2011","168386","",""
"Y15-29","SE","M","2011","943579","",""
"Y50-64","SE","M","2011","881468","",""
"Y50-64","SE","F","2011","874892","",""
"Y65-84","SE","F","2011","810253","",""
"Y_GE85","SE","M","2011","84941","",""
"TOTAL","SE","F","2011","4756021","",""
"Y30-49","IS","M","2011","42741","",""
"Y_GE85","IS","T","2011","5142","",""
"Y_LT15","IS","M","2011","33589","",""
"Y30-49","IS","F","2011","42404","",""
"TOTAL","IS","T","2011","315556","",""
"TOTAL","IS","M","2011","158151","",""
"Y50-64","IS","F","2011","27919","",""
"Y65-84","IS","T","2011","35140","",""
"Y50-64","IS","T","2011","56275","",""
"Y_LT15","IS","F","2011","32126","",""
"Y30-49","IS","T","2011","85145","",""
"TOTAL","IS","F","2011","157405","",""
"Y65-84","IS","M","2011","16765","",""
"Y15-29","IS","T","2011","68139","",""
"Y_GE85","IS","M","2011","1877","",""
"Y50-64","IS","M","2011","28356","",""
"Y65-84","IS","F","2011","18375","",""
"Y_GE85","IS","F","2011","3265","",""
"Y15-29","IS","M","2011","34823","",""
"Y15-29","IS","F","2011","33316","",""
"Y_LT15","IS","T","2011","65715","",""
"Y30-49","EE","M","2011","175620","",""
"Y50-64","EE","F","2011","142304","",""
"Y50-64","EE","M","2011","115446","",""
"Y15-29","EE","T","2011","254857","",""
"Y30-49","EE","F","2011","176897","",""
"Y_GE85","EE","M","2011","4484","",""
"Y_GE85","EE","T","2011","22873","",""
"Y15-29","EE","F","2011","124266","",""
"Y_GE85","EE","F","2011","18389","",""
"Y15-29","EE","M","2011","130591","",""
"TOTAL","EE","T","2011","1294455","",""
"Y_LT15","EE","F","2011","97003","",""
"Y65-84","EE","M","2011","71497","",""
"Y30-49","EE","T","2011","352517","",""
"TOTAL","EE","M","2011","600526","",""
"Y65-84","EE","T","2011","206567","",""
"Y50-64","EE","T","2011","257750","",""
"Y_LT15","EE","M","2011","102888","",""
"Y65-84","EE","F","2011","135070","",""
"TOTAL","EE","F","2011","693929","",""
"Y_LT15","EE","T","2011","199891","",""
"Y_LT15","DK","M","2011","509707","",""
"Y15-29","DK","F","2011","494101","",""
"Y15-29","DK","M","2011","511372","",""
"Y_LT15","DK","F","2011","485380","",""
"Y50-64","DK","F","2011","540867","",""
"Y65-84","DK","F","2011","440054","",""
"TOTAL","DK","M","2011","2756582","",""
"Y30-49","DK","M","2011","778890","",""
"Y50-64","DK","M","2011","539829","",""
"Y50-64","DK","T","2011","1080696","",""
"TOTAL","DK","F","2011","2804046","",""
"Y_GE85","DK","T","2011","111316","",""
"Y_GE85","DK","F","2011","76943","",""
"Y65-84","DK","T","2011","822465","",""
"Y65-84","DK","M","2011","382411","",""
"Y_LT15","DK","T","2011","995087","",""
"Y30-49","DK","T","2011","1545591","",""
"Y30-49","DK","F","2011","766701","",""
"TOTAL","DK","T","2011","5560628","",""
"Y15-29","DK","T","2011","1005473","",""
"Y_GE85","DK","M","2011","34373","",""
"Y_GE85","LI","T","2011","540","",""
"Y65-84","LI","F","2011","2419","",""
"Y_GE85","LI","F","2011","377","",""
"Y30-49","LI","T","2011","11194","",""
"Y15-29","LI","M","2011","3368","",""
"TOTAL","LI","F","2011","18263","",""
"Y30-49","LI","M","2011","5554","",""
"Y30-49","LI","F","2011","5640","",""
"Y65-84","LI","T","2011","4482","",""
"Y50-64","LI","T","2011","7559","",""
"Y65-84","LI","M","2011","2063","",""
"Y15-29","LI","F","2011","3231","",""
"Y_LT15","LI","T","2011","5775","",""
"TOTAL","LI","T","2011","36149","",""
"Y50-64","LI","F","2011","3767","",""
"Y15-29","LI","T","2011","6599","",""
"Y50-64","LI","M","2011","3792","",""
"Y_LT15","LI","F","2011","2829","",""
"Y_LT15","LI","M","2011","2946","",""
"TOTAL","LI","M","2011","17886","",""
"Y_GE85","LI","M","2011","163","",""
"Y15-29","NL","F","2011","1501397","",""
"Y50-64","NL","M","2011","1701438","",""
"TOTAL","NL","M","2011","8243482","",""
"Y30-49","NL","F","2011","2347971","",""
"Y_GE85","NL","F","2011","217754","",""
"Y50-64","NL","F","2011","1688780","",""
"Y15-29","NL","T","2011","3043011","",""
"Y_GE85","NL","M","2011","88965","",""
"Y_LT15","NL","F","2011","1419911","",""
"Y50-64","NL","T","2011","3390218","",""
"Y_LT15","NL","M","2011","1487164","",""
"Y65-84","NL","F","2011","1236504","",""
"Y30-49","NL","T","2011","4720549","",""
"Y65-84","NL","T","2011","2288227","",""
"TOTAL","NL","F","2011","8412317","",""
"Y_LT15","NL","T","2011","2907075","",""
"Y15-29","NL","M","2011","1541614","",""
"Y_GE85","NL","T","2011","306719","",""
"Y65-84","NL","M","2011","1051723","",""
"Y30-49","NL","M","2011","2372578","",""
"TOTAL","NL","T","2011","16655799","",""
"Y_GE85","RO","T","2011","263262","",""
"Y_GE85","RO","M","2011","87063","",""
"Y_LT15","RO","T","2011","3189646","",""
"TOTAL","RO","T","2011","20121641","",""
"Y50-64","RO","M","2011","1916493","",""
"Y30-49","RO","T","2011","5881752","",""
"Y_LT15","RO","F","2011","1551335","",""
"Y15-29","RO","M","2011","1939100","",""
"TOTAL","RO","M","2011","9788577","",""
"TOTAL","RO","F","2011","10333064","",""
"Y30-49","RO","F","2011","2894033","",""
"Y50-64","RO","T","2011","4024595","",""
"Y15-29","RO","T","2011","3777904","",""
"Y_LT15","RO","M","2011","1638311","",""
"Y30-49","RO","M","2011","2987719","",""
"Y65-84","RO","F","2011","1764591","",""
"Y65-84","RO","M","2011","1219891","",""
"Y65-84","RO","T","2011","2984482","",""
"Y_GE85","RO","F","2011","176199","",""
"Y50-64","RO","F","2011","2108102","",""
"Y15-29","RO","F","2011","1838804","",""
"Y50-64","IT","T","2011","11611966","",""
"Y30-49","IT","T","2011","17913407","",""
"Y15-29","IT","M","2011","4676806","",""
"Y65-84","IT","F","2011","5952622","",""
"Y30-49","IT","F","2011","9024030","",""
"Y15-29","IT","F","2011","4520550","",""
"TOTAL","IT","M","2011","28745507","",""
"Y_LT15","IT","M","2011","4285033","",""
"Y30-49","IT","M","2011","8889377","",""
"Y_GE85","IT","F","2011","1177661","",""
"Y65-84","IT","M","2011","4741205","",""
"Y_LT15","IT","F","2011","4041010","",""
"Y_GE85","IT","M","2011","513484","",""
"TOTAL","IT","T","2011","59433744","",""
"Y50-64","IT","F","2011","5972364","",""
"Y_GE85","IT","T","2011","1691145","",""
"Y15-29","IT","T","2011","9197356","",""
"Y65-84","IT","T","2011","10693827","",""
"Y_LT15","IT","T","2011","8326043","",""
"TOTAL","IT","F","2011","30688237","",""
"Y50-64","IT","M","2011","5639602","",""
"Y50-64","HU","M","2011","972631","",""
"Y15-29","HU","T","2011","1823070","",""
"Y30-49","HU","M","2011","1453695","",""
"Y65-84","HU","M","2011","574017","",""
"Y_GE85","HU","M","2011","43539","",""
"Y50-64","HU","F","2011","1120042","",""
"Y_LT15","HU","F","2011","704414","",""
"TOTAL","HU","T","2011","9937628","",""
"Y65-84","HU","T","2011","1512103","",""
"Y65-84","HU","F","2011","938086","",""
"Y30-49","HU","T","2011","2897106","",""
"TOTAL","HU","M","2011","4718479","",""
"Y50-64","HU","T","2011","2092673","",""
"Y_LT15","HU","M","2011","743245","",""
"Y30-49","HU","F","2011","1443411","",""
"Y_GE85","HU","T","2011","165017","",""
"Y15-29","HU","F","2011","891718","",""
"TOTAL","HU","F","2011","5219149","",""
"Y_GE85","HU","F","2011","121478","",""
"Y15-29","HU","M","2011","931352","",""
"Y_LT15","HU","T","2011","1447659","",""
"Y50-64","SI","T","2011","428300","",""
"Y30-49","SI","F","2011","297478","",""
"Y65-84","SI","T","2011","304846","",""
"Y65-84","SI","M","2011","126241","",""
"Y50-64","SI","M","2011","216120","",""
"Y_LT15","SI","M","2011","149702","",""
"TOTAL","SI","M","2011","1014563","",""
"Y_GE85","SI","T","2011","34098","",""
"Y50-64","SI","F","2011","212180","",""
"Y30-49","SI","T","2011","616727","",""
"TOTAL","SI","F","2011","1035626","",""
"Y_GE85","SI","F","2011","26163","",""
"Y_GE85","SI","M","2011","7935","",""
"Y15-29","SI","M","2011","195316","",""
"Y15-29","SI","T","2011","375365","",""
"Y15-29","SI","F","2011","180049","",""
"Y_LT15","SI","F","2011","141151","",""
"TOTAL","SI","T","2011","2050189","",""
"Y30-49","SI","M","2011","319249","",""
"Y_LT15","SI","T","2011","290853","",""
"Y65-84","SI","F","2011","178605","",""
"TOTAL","ES","M","2011","23104350","",""
"Y15-29","ES","M","2011","3972895","",""
"TOTAL","ES","F","2011","23711560","",""
"Y_LT15","ES","F","2011","3428360","",""
"TOTAL","ES","T","2011","46815910","",""
"Y_LT15","ES","T","2011","7069260","",""
"Y50-64","ES","T","2011","8394540","",""
"Y30-49","ES","T","2011","15430055","",""
"Y_GE85","ES","F","2011","730525","",""
"Y_GE85","ES","T","2011","1083495","",""
"Y65-84","ES","T","2011","7032320","",""
"Y30-49","ES","M","2011","7885330","",""
"Y15-29","ES","T","2011","7806240","",""
"Y_LT15","ES","M","2011","3640900","",""
"Y15-29","ES","F","2011","3833345","",""
"Y50-64","ES","F","2011","4259365","",""
"Y65-84","ES","F","2011","3915235","",""
"Y50-64","ES","M","2011","4135175","",""
"Y_GE85","ES","M","2011","352970","",""
"Y30-49","ES","F","2011","7544730","",""
"Y65-84","ES","M","2011","3117085","",""
"Y50-64","LV","M","2011","179291","",""
"Y_GE85","LV","T","2011","33359","",""
"TOTAL","LV","T","2011","2070371","",""
"Y30-49","LV","M","2011","277337","",""
"Y50-64","LV","F","2011","226848","",""
"Y65-84","LV","M","2011","116855","",""
"Y_LT15","LV","M","2011","150506","",""
"Y65-84","LV","F","2011","230242","",""
"Y_GE85","LV","F","2011","27234","",""
"Y50-64","LV","T","2011","406139","",""
"Y30-49","LV","F","2011","289046","",""
"Y30-49","LV","T","2011","566383","",""
"Y_LT15","LV","F","2011","143644","",""
"Y65-84","LV","T","2011","347097","",""
"Y15-29","LV","M","2011","215988","",""
"Y_GE85","LV","M","2011","6125","",""
"Y15-29","LV","T","2011","423243","",""
"TOTAL","LV","F","2011","1124269","",""
"TOTAL","LV","M","2011","946102","",""
"Y_LT15","LV","T","2011","294150","",""
"Y15-29","LV","F","2011","207255","",""
"TOTAL","DE","F","2011","41073754","",""
"Y30-49","DE","T","2011","22845672","",""
"Y65-84","DE","M","2011","6539161","",""
"Y_LT15","DE","T","2011","10805291","",""
"Y15-29","DE","M","2011","6976972","",""
"Y50-64","DE","T","2011","16328559","",""
"Y50-64","DE","M","2011","8081342","",""
"Y65-84","DE","F","2011","8093795","",""
"Y30-49","DE","F","2011","11325577","",""
"TOTAL","DE","M","2011","39145941","",""
"TOTAL","DE","T","2011","80219695","",""
"Y_LT15","DE","F","2011","5260090","",""
"Y15-29","DE","F","2011","6745080","",""
"Y15-29","DE","T","2011","13722052","",""
"Y50-64","DE","F","2011","8247217","",""
"Y_GE85","DE","M","2011","483170","",""
"Y65-84","DE","T","2011","14632956","",""
"Y_GE85","DE","F","2011","1401995","",""
"Y30-49","DE","M","2011","11520095","",""
"Y_GE85","DE","T","2011","1885165","",""
"Y_LT15","DE","M","2011","5545201","",""
"TOTAL","LT","F","2011","1640825","",""
"TOTAL","LT","M","2011","1402604","",""
"Y_LT15","LT","F","2011","220718","",""
"Y65-84","LT","M","2011","173641","",""
"Y30-49","LT","F","2011","432572","",""
"Y50-64","LT","F","2011","320548","",""
"Y_GE85","LT","F","2011","39805","",""
"Y15-29","LT","M","2011","318602","",""
"Y_GE85","LT","T","2011","51219","",""
"Y30-49","LT","M","2011","407452","",""
"TOTAL","LT","T","2011","3043429","",""
"Y65-84","LT","F","2011","321066","",""
"Y30-49","LT","T","2011","840024","",""
"Y50-64","LT","M","2011","259001","",""
"Y15-29","LT","F","2011","306116","",""
"Y65-84","LT","T","2011","494707","",""
"Y_LT15","LT","M","2011","232494","",""
"Y50-64","LT","T","2011","579549","",""
"Y_LT15","LT","T","2011","453212","",""
"Y_GE85","LT","M","2011","11414","",""
"Y15-29","LT","T","2011","624718","",""
"Y_GE85","AT","T","2011","198634","",""
"Y_GE85","AT","F","2011","145461","",""
"Y65-84","AT","M","2011","571113","",""
"Y15-29","AT","M","2011","796138","",""
"Y30-49","AT","F","2011","1241662","",""
"Y50-64","AT","M","2011","797507","",""
"TOTAL","AT","M","2011","4093938","",""
"Y_LT15","AT","T","2011","1227690","",""
"Y65-84","AT","T","2011","1293479","",""
"Y_LT15","AT","F","2011","598775","",""
"TOTAL","AT","F","2011","4308002","",""
"Y50-64","AT","T","2011","1624107","",""
"Y15-29","AT","F","2011","773138","",""
"Y_GE85","AT","M","2011","53173","",""
"Y_LT15","AT","M","2011","628915","",""
"Y30-49","AT","T","2011","2488754","",""
"Y15-29","AT","T","2011","1569276","",""
"TOTAL","AT","T","2011","8401940","",""
"Y65-84","AT","F","2011","722366","",""
"Y30-49","AT","M","2011","1247092","",""
"Y50-64","AT","F","2011","826600","",""
"Y30-49","PT","T","2011","3141642","",""
"TOTAL","PT","T","2011","10562178","",""
"Y_LT15","PT","T","2011","1572329","",""
"Y15-29","PT","M","2011","906396","",""
"Y_LT15","PT","F","2011","768330","",""
"Y_LT15","PT","M","2011","803999","",""
"Y65-84","PT","F","2011","1008812","",""
"Y15-29","PT","T","2011","1803391","",""
"Y50-64","PT","M","2011","966889","",""
"TOTAL","PT","M","2011","5046600","",""
"Y50-64","PT","F","2011","1067863","",""
"Y65-84","PT","M","2011","766921","",""
"Y30-49","PT","F","2011","1614650","",""
"Y_GE85","PT","T","2011","234331","",""
"TOTAL","PT","F","2011","5515578","",""
"Y_GE85","PT","F","2011","158928","",""
"Y50-64","PT","T","2011","2034752","",""
"Y65-84","PT","T","2011","1775733","",""
"Y_GE85","PT","M","2011","75403","",""
"Y15-29","PT","F","2011","896995","",""
"Y30-49","PT","M","2011","1526992","",""
"Y_GE85","PL","T","2011","531532","",""
"Y_LT15","PL","T","2011","5781570","",""
"Y65-84","PL","T","2011","4689478","",""
"Y65-84","PL","M","2011","1836460","",""
"Y_GE85","PL","F","2011","392726","",""
"Y_LT15","PL","F","2011","2815656","",""
"Y50-64","PL","T","2011","8154851","",""
"Y50-64","PL","F","2011","4256732","",""
"Y_GE85","PL","M","2011","138806","",""
"Y15-29","PL","F","2011","4086889","",""
"Y65-84","PL","F","2011","2853018","",""
"Y15-29","PL","M","2011","4250885","",""
"TOTAL","PL","F","2011","19624176","",""
"Y30-49","PL","M","2011","5330205","",""
"Y30-49","PL","T","2011","10549360","",""
"Y15-29","PL","T","2011","8337774","",""
"Y_LT15","PL","M","2011","2965914","",""
"TOTAL","PL","M","2011","18420389","",""
"Y50-64","PL","M","2011","3898119","",""
"Y30-49","PL","F","2011","5219155","",""
"TOTAL","PL","T","2011","38044565","",""
"Y30-49","HR","M","2011","590031","",""
"Y_LT15","HR","F","2011","317703","",""
"Y_GE85","HR","F","2011","45123","",""
"Y15-29","HR","F","2011","389112","",""
"Y_GE85","HR","T","2011","60600","",""
"TOTAL","HR","F","2011","2218554","",""
"Y50-64","HR","T","2011","905060","",""
"Y65-84","HR","M","2011","280731","",""
"Y30-49","HR","F","2011","583836","",""
"TOTAL","HR","M","2011","2066335","",""
"Y15-29","HR","T","2011","794901","",""
"Y_LT15","HR","T","2011","652428","",""
"Y50-64","HR","M","2011","439582","",""
"Y_LT15","HR","M","2011","334725","",""
"Y65-84","HR","T","2011","698033","",""
"Y_GE85","HR","M","2011","15477","",""
"Y50-64","HR","F","2011","465478","",""
"Y30-49","HR","T","2011","1173867","",""
"Y65-84","HR","F","2011","417302","",""
"TOTAL","HR","T","2011","4284889","",""
"Y15-29","HR","M","2011","405789","",""
"Y_GE85","BG","F","2011","71089","",""
"Y15-29","BG","M","2011","701435","",""
"TOTAL","BG","M","2011","3586571","",""
"Y30-49","BG","T","2011","2088763","",""
"Y15-29","BG","T","2011","1357480","",""
"Y50-64","BG","M","2011","756516","",""
"Y30-49","BG","F","2011","1015842","",""
"Y65-84","BG","T","2011","1253918","",""
"TOTAL","BG","T","2011","7364570","",""
"Y65-84","BG","M","2011","517591","",""
"TOTAL","BG","F","2011","3777999","",""
"Y_GE85","BG","T","2011","107479","",""
"Y50-64","BG","T","2011","1581658","",""
"Y15-29","BG","F","2011","656045","",""
"Y30-49","BG","M","2011","1072921","",""
"Y_GE85","BG","M","2011","36390","",""
"Y65-84","BG","F","2011","736327","",""
"Y_LT15","BG","F","2011","473554","",""
"Y_LT15","BG","T","2011","975272","",""
"Y_LT15","BG","M","2011","501718","",""
"Y50-64","BG","F","2011","825142","",""
"Y30-49","CY","T","2011","248677","",""
"TOTAL","CY","T","2011","840407","",""
"Y65-84","CY","T","2011","101112","",""
"Y15-29","CY","T","2011","196005","",""
"Y_GE85","CY","F","2011","6436","",""
"TOTAL","CY","M","2011","408780","",""
"Y50-64","CY","F","2011","75580","",""
"Y65-84","CY","F","2011","53710","",""
"Y65-84","CY","M","2011","47402","",""
"Y_GE85","CY","T","2011","10740","",""
"TOTAL","CY","F","2011","431627","",""
"Y_GE85","CY","M","2011","4304","",""
"Y30-49","CY","F","2011","133675","",""
"Y_LT15","CY","T","2011","134948","",""
"Y_LT15","CY","F","2011","65787","",""
"Y_LT15","CY","M","2011","69161","",""
"Y15-29","CY","F","2011","96439","",""
"Y50-64","CY","T","2011","148925","",""
"Y15-29","CY","M","2011","99566","",""
"Y30-49","CY","M","2011","115002","",""
"Y50-64","CY","M","2011","73345","",""
"Y_GE85","SK","T","2011","60801","",""
"Y15-29","SK","F","2011","578333","",""
"TOTAL","SK","M","2011","2627772","",""
"Y_GE85","SK","F","2011","43852","",""
"Y65-84","SK","M","2011","239558","",""
"Y_LT15","SK","T","2011","826645","",""
"TOTAL","SK","F","2011","2769264","",""
"Y50-64","SK","M","2011","519062","",""
"Y50-64","SK","T","2011","1082934","",""
"Y30-49","SK","M","2011","823940","",""
"Y_GE85","SK","M","2011","16949","",""
"Y15-29","SK","M","2011","604082","",""
"Y65-84","SK","T","2011","622072","",""
"Y_LT15","SK","M","2011","424181","",""
"Y50-64","SK","F","2011","563872","",""
"Y15-29","SK","T","2011","1182415","",""
"Y30-49","SK","F","2011","798229","",""
"Y65-84","SK","F","2011","382514","",""
"Y30-49","SK","T","2011","1622169","",""
"TOTAL","SK","T","2011","5397036","",""
"Y_LT15","SK","F","2011","402464","",""
"Y65-84","CZ","M","2011","621201","",""
"Y_LT15","CZ","M","2011","763949","",""
"Y50-64","CZ","T","2011","2155450","",""
"Y_GE85","CZ","F","2011","111757","",""
"Y15-29","CZ","M","2011","1006707","",""
"Y65-84","CZ","T","2011","1490155","",""
"Y30-49","CZ","M","2011","1605672","",""
"Y15-29","CZ","F","2011","961888","",""
"Y15-29","CZ","T","2011","1968595","",""
"Y30-49","CZ","F","2011","1537452","",""
"TOTAL","CZ","F","2011","5326794","",""
"Y30-49","CZ","T","2011","3143124","",""
"Y50-64","CZ","M","2011","1049411","",""
"Y_LT15","CZ","F","2011","724979","",""
"Y65-84","CZ","F","2011","868954","",""
"Y_GE85","CZ","T","2011","154681","",""
"TOTAL","CZ","T","2011","10436560","",""
"Y_LT15","CZ","T","2011","1488928","",""
"Y_GE85","CZ","M","2011","42924","",""
"Y50-64","CZ","F","2011","1106039","",""
"TOTAL","CZ","M","2011","5109766","",""
"Y_GE85","FI","T","2011","114160","",""
"Y_LT15","FI","F","2011","434032","",""
"TOTAL","FI","T","2011","5375276","",""
"Y50-64","FI","F","2011","585864","",""
"Y50-64","FI","T","2011","1160677","",""
"Y65-84","FI","M","2011","361569","",""
"Y15-29","FI","F","2011","491176","",""
"Y50-64","FI","M","2011","574813","",""
"TOTAL","FI","F","2011","2736860","",""
"Y30-49","FI","T","2011","1379954","",""
"Y65-84","FI","T","2011","826881","",""
"TOTAL","FI","M","2011","2638416","",""
"Y30-49","FI","F","2011","676457","",""
"Y30-49","FI","M","2011","703497","",""
"Y_LT15","FI","T","2011","887677","",""
"Y15-29","FI","T","2011","1005927","",""
"Y65-84","FI","F","2011","465312","",""
"Y_GE85","FI","M","2011","30141","",""
"Y_LT15","FI","M","2011","453645","",""
"Y15-29","FI","M","2011","514751","",""
"Y_GE85","FI","F","2011","84019","",""
"Y_GE85","FR","F","2011","1143466","",""
"Y50-64","FR","M","2011","6036980","",""
"Y15-29","FR","F","2011","5987457","",""
"Y_LT15","FR","F","2011","5872401","",""
"Y65-84","FR","M","2011","4034396","",""
"Y65-84","FR","T","2011","9271403","",""
"Y50-64","FR","T","2011","12416832","",""
"Y_GE85","FR","T","2011","1629587","",""
"Y30-49","FR","F","2011","8880470","",""
"Y30-49","FR","M","2011","8675777","",""
"TOTAL","FR","M","2011","31432745","",""
"Y_GE85","FR","M","2011","486121","",""
"Y_LT15","FR","T","2011","12028794","",""
"TOTAL","FR","T","2011","64933400","",""
"Y_LT15","FR","M","2011","6156393","",""
"Y15-29","FR","T","2011","12030536","",""
"Y30-49","FR","T","2011","17556247","",""
"Y65-84","FR","F","2011","5237008","",""
"Y50-64","FR","F","2011","6379853","",""
"TOTAL","FR","F","2011","33500655","",""
"Y15-29","FR","M","2011","6043079","",""
"Y15-29","EL","M","2011","983130","",""
"Y50-64","EL","T","2011","2017623","",""
"Y_LT15","EL","M","2011","803007","",""
"Y_LT15","EL","T","2011","1569268","",""
"Y_GE85","EL","F","2011","145670","",""
"Y65-84","EL","F","2011","1033357","",""
"Y_GE85","EL","T","2011","230961","",""
"TOTAL","EL","F","2011","5513063","",""
"TOTAL","EL","T","2011","10816286","",""
"Y65-84","EL","T","2011","1877891","",""
"Y_GE85","EL","M","2011","85291","",""
"Y30-49","EL","M","2011","1608654","",""
"Y30-49","EL","F","2011","1607745","",""
"Y65-84","EL","M","2011","844534","",""
"Y_LT15","EL","F","2011","766261","",""
"Y30-49","EL","T","2011","3216399","",""
"Y50-64","EL","M","2011","978607","",""
"TOTAL","EL","M","2011","5303223","",""
"Y15-29","EL","T","2011","1904144","",""
"Y15-29","EL","F","2011","921014","",""
"Y50-64","EL","F","2011","1039016","",""
"Y15-29","BE","M","2011","1027482","",""
"Y65-84","BE","M","2011","722728","",""
"TOTAL","BE","F","2011","5598920","",""
"TOTAL","BE","M","2011","5401718","",""
"Y50-64","BE","M","2011","1062012","",""
"Y65-84","BE","F","2011","912227","",""
"Y65-84","BE","T","2011","1634955","",""
"TOTAL","BE","T","2011","11000638","",""
"Y50-64","BE","F","2011","1072463","",""
"Y_LT15","BE","M","2011","954482","",""
"Y_GE85","BE","T","2011","248225","",""
"Y30-49","BE","F","2011","1521302","",""
"Y_LT15","BE","T","2011","1867297","",""
"Y_GE85","BE","M","2011","74114","",""
"Y50-64","BE","T","2011","2134475","",""
"Y_LT15","BE","F","2011","912815","",""
"Y15-29","BE","F","2011","1006002","",""
"Y30-49","BE","M","2011","1560900","",""
"Y_GE85","BE","F","2011","174111","",""
"Y15-29","BE","T","2011","2033484","",""
"Y30-49","BE","T","2011","3082202","",""
"Y_GE85","CH","M","2011","57785","",""
"TOTAL","CH","M","2011","3922253","",""
"Y50-64","CH","T","2011","1539406","",""
"Y65-84","CH","F","2011","648037","",""
"Y30-49","CH","M","2011","1202150","",""
"TOTAL","CH","T","2011","7954662","",""
"Y_LT15","CH","T","2011","1194649","",""
"Y65-84","CH","M","2011","532313","",""
"Y50-64","CH","F","2011","768622","",""
"Y50-64","CH","M","2011","770784","",""
"Y65-84","CH","T","2011","1180350","",""
"Y30-49","CH","F","2011","1186005","",""
"TOTAL","CH","F","2011","4032409","",""
"Y_GE85","CH","T","2011","184802","",""
"Y_LT15","CH","M","2011","613414","",""
"Y15-29","CH","M","2011","745807","",""
"Y_LT15","CH","F","2011","581235","",""
"Y15-29","CH","F","2011","721493","",""
"Y_GE85","CH","F","2011","127017","",""
"Y30-49","CH","T","2011","2388155","",""
"Y15-29","CH","T","2011","1467300","",""
"TOTAL","IE","M","2011","2270506","",""
"Y_LT15","IE","T","2011","976716","",""
"Y65-84","IE","T","2011","473321","",""
"Y_LT15","IE","M","2011","499927","",""
"Y15-29","IE","F","2011","475068","",""
"Y_GE85","IE","M","2011","18418","",""
"Y65-84","IE","M","2011","223157","",""
"TOTAL","IE","F","2011","2304382","",""
"Y50-64","IE","M","2011","367622","",""
"Y_GE85","IE","T","2011","58242","",""
"Y50-64","IE","T","2011","734221","",""
"Y30-49","IE","M","2011","693962","",""
"Y30-49","IE","T","2011","1389900","",""
"Y_GE85","IE","F","2011","39824","",""
"Y30-49","IE","F","2011","695938","",""
"Y50-64","IE","F","2011","366599","",""
"TOTAL","IE","T","2011","4574888","",""
"Y_LT15","IE","F","2011","476789","",""
"Y65-84","IE","F","2011","250164","",""
"Y15-29","IE","T","2011","942488","",""
"Y15-29","IE","M","2011","467420","",""
"Y15-29","NO","F","2011","476107","",""
"Y65-84","NO","T","2011","652586","",""
"Y15-29","NO","M","2011","499294","",""
"Y50-64","NO","M","2011","463963","",""
"Y15-29","NO","T","2011","975401","",""
"Y65-84","NO","F","2011","348961","",""
"Y30-49","NO","T","2011","1400965","",""
"TOTAL","NO","M","2011","2495779","",""
"Y_LT15","NO","M","2011","473308","",""
"Y_LT15","NO","F","2011","450465","",""
"Y_GE85","NO","T","2011","113852","",""
"Y50-64","NO","T","2011","913377","",""
"Y_LT15","NO","T","2011","923773","",""
"Y_GE85","NO","F","2011","78055","",""
"TOTAL","NO","T","2011","4979954","",""
"Y30-49","NO","M","2011","719792","",""
"Y30-49","NO","F","2011","681173","",""
"Y65-84","NO","M","2011","303625","",""
"Y50-64","NO","F","2011","449414","",""
"TOTAL","NO","F","2011","2484175","",""
"Y_GE85","NO","M","2011","35797","",""
