"location","variable","Unit","Date","Value"
"United States of America","Homicide, Rate per 100,000 population","Rate per 100,000 population","1/1/2013 12:00:00 AM",3.82463065
"United States of America","Homicide, Rate per 100,000 population","Rate per 100,000 population","1/1/2012 12:00:00 AM",4.66814839
"United States of America","Homicide, Rate per 100,000 population","Rate per 100,000 population","1/1/2011 12:00:00 AM",4.65620206
"United States of America","Homicide, Rate per 100,000 population","Rate per 100,000 population","1/1/2010 12:00:00 AM",4.7148554
"United States of America","Homicide, Rate per 100,000 population","Rate per 100,000 population","1/1/2009 12:00:00 AM",4.97557459
"United States of America","Homicide, Rate per 100,000 population","Rate per 100,000 population","1/1/2008 12:00:00 AM",5.36918831
"United States of America","Homicide, Rate per 100,000 population","Rate per 100,000 population","1/1/2005 12:00:00 AM",5.61432605
"United States of America","Homicide, Rate per 100,000 population","Rate per 100,000 population","1/1/2000 12:00:00 AM",5.47656604
"United States of America","Homicide, Rate per 100,000 population","Rate per 100,000 population","1/1/2001 12:00:00 AM",6.61942245
"United States of America","Homicide, Rate per 100,000 population","Rate per 100,000 population","1/1/2002 12:00:00 AM",5.59099788
"United States of America","Homicide, Rate per 100,000 population","Rate per 100,000 population","1/1/2003 12:00:00 AM",5.64320887
"United States of America","Homicide, Rate per 100,000 population","Rate per 100,000 population","1/1/2004 12:00:00 AM",5.46487169
"United States of America","Homicide, Rate per 100,000 population","Rate per 100,000 population","1/1/2006 12:00:00 AM",5.7515891
"United States of America","Homicide, Rate per 100,000 population","Rate per 100,000 population","1/1/2007 12:00:00 AM",5.63816555
"Canada","Homicide, Rate per 100,000 population","Rate per 100,000 population","1/1/2013 12:00:00 AM",1.43936829
"Canada","Homicide, Rate per 100,000 population","Rate per 100,000 population","1/1/2012 12:00:00 AM",1.56304757
"Canada","Homicide, Rate per 100,000 population","Rate per 100,000 population","1/1/2011 12:00:00 AM",1.53802249
"Canada","Homicide, Rate per 100,000 population","Rate per 100,000 population","1/1/2010 12:00:00 AM",1.44170585
"Canada","Homicide, Rate per 100,000 population","Rate per 100,000 population","1/1/2009 12:00:00 AM",1.5998759
"Canada","Homicide, Rate per 100,000 population","Rate per 100,000 population","1/1/2008 12:00:00 AM",1.6631756
"Canada","Homicide, Rate per 100,000 population","Rate per 100,000 population","1/1/2005 12:00:00 AM",1.84168389
"Canada","Homicide, Rate per 100,000 population","Rate per 100,000 population","1/1/2000 12:00:00 AM",1.59296749
"Canada","Homicide, Rate per 100,000 population","Rate per 100,000 population","1/1/2001 12:00:00 AM",1.78463157
"Canada","Homicide, Rate per 100,000 population","Rate per 100,000 population","1/1/2002 12:00:00 AM",1.67179468
"Canada","Homicide, Rate per 100,000 population","Rate per 100,000 population","1/1/2003 12:00:00 AM",1.73780202
"Canada","Homicide, Rate per 100,000 population","Rate per 100,000 population","1/1/2004 12:00:00 AM",1.72337727
"Canada","Homicide, Rate per 100,000 population","Rate per 100,000 population","1/1/2006 12:00:00 AM",1.71414638
"Canada","Homicide, Rate per 100,000 population","Rate per 100,000 population","1/1/2007 12:00:00 AM",1.63403617
"Belarus","Homicide, Rate per 100,000 population","Rate per 100,000 population","1/1/2012 12:00:00 AM",3.6342708
"Belarus","Homicide, Rate per 100,000 population","Rate per 100,000 population","1/1/2011 12:00:00 AM",3.96612855
"Belarus","Homicide, Rate per 100,000 population","Rate per 100,000 population","1/1/2010 12:00:00 AM",5.12060284
"Belarus","Homicide, Rate per 100,000 population","Rate per 100,000 population","1/1/2009 12:00:00 AM",4.96547004
"Belarus","Homicide, Rate per 100,000 population","Rate per 100,000 population","1/1/2008 12:00:00 AM",5.66148249
"Belarus","Homicide, Rate per 100,000 population","Rate per 100,000 population","1/1/2005 12:00:00 AM",8.53620707
"Belarus","Homicide, Rate per 100,000 population","Rate per 100,000 population","1/1/2000 12:00:00 AM",10.1488159
"Belarus","Homicide, Rate per 100,000 population","Rate per 100,000 population","1/1/2001 12:00:00 AM",9.76797481
"Belarus","Homicide, Rate per 100,000 population","Rate per 100,000 population","1/1/2002 12:00:00 AM",10.03768853
"Belarus","Homicide, Rate per 100,000 population","Rate per 100,000 population","1/1/2003 12:00:00 AM",8.98395368
"Belarus","Homicide, Rate per 100,000 population","Rate per 100,000 population","1/1/2004 12:00:00 AM",8.38478143
"Belarus","Homicide, Rate per 100,000 population","Rate per 100,000 population","1/1/2006 12:00:00 AM",7.62965291
"Belarus","Homicide, Rate per 100,000 population","Rate per 100,000 population","1/1/2007 12:00:00 AM",6.7707364
"Bulgaria","Homicide, Rate per 100,000 population","Rate per 100,000 population","1/1/2013 12:00:00 AM",1.50018314
"Bulgaria","Homicide, Rate per 100,000 population","Rate per 100,000 population","1/1/2012 12:00:00 AM",1.94209193
"Bulgaria","Homicide, Rate per 100,000 population","Rate per 100,000 population","1/1/2011 12:00:00 AM",1.74832247
"Bulgaria","Homicide, Rate per 100,000 population","Rate per 100,000 population","1/1/2010 12:00:00 AM",1.98939665
"Bulgaria","Homicide, Rate per 100,000 population","Rate per 100,000 population","1/1/2009 12:00:00 AM",2.01445114
"Bulgaria","Homicide, Rate per 100,000 population","Rate per 100,000 population","1/1/2008 12:00:00 AM",2.29204795
"Bulgaria","Homicide, Rate per 100,000 population","Rate per 100,000 population","1/1/2005 12:00:00 AM",2.59004506
"Bulgaria","Homicide, Rate per 100,000 population","Rate per 100,000 population","1/1/2003 12:00:00 AM",3.16382936
"Bulgaria","Homicide, Rate per 100,000 population","Rate per 100,000 population","1/1/2004 12:00:00 AM",3.15059251
"Bulgaria","Homicide, Rate per 100,000 population","Rate per 100,000 population","1/1/2006 12:00:00 AM",2.44003163
"Bulgaria","Homicide, Rate per 100,000 population","Rate per 100,000 population","1/1/2007 12:00:00 AM",2.3402975
"Czech Republic","Homicide, Rate per 100,000 population","Rate per 100,000 population","1/1/2013 12:00:00 AM",0.92791261
"Czech Republic","Homicide, Rate per 100,000 population","Rate per 100,000 population","1/1/2012 12:00:00 AM",0.99716597
"Czech Republic","Homicide, Rate per 100,000 population","Rate per 100,000 population","1/1/2011 12:00:00 AM",0.81917679
"Czech Republic","Homicide, Rate per 100,000 population","Rate per 100,000 population","1/1/2010 12:00:00 AM",0.97596094
"Czech Republic","Homicide, Rate per 100,000 population","Rate per 100,000 population","1/1/2009 12:00:00 AM",0.89639624
"Czech Republic","Homicide, Rate per 100,000 population","Rate per 100,000 population","1/1/2008 12:00:00 AM",1.09490776
"Czech Republic","Homicide, Rate per 100,000 population","Rate per 100,000 population","1/1/2005 12:00:00 AM",1.055648
"Czech Republic","Homicide, Rate per 100,000 population","Rate per 100,000 population","1/1/2000 12:00:00 AM",1.76578509
"Czech Republic","Homicide, Rate per 100,000 population","Rate per 100,000 population","1/1/2001 12:00:00 AM",1.38787961
"Czech Republic","Homicide, Rate per 100,000 population","Rate per 100,000 population","1/1/2002 12:00:00 AM",1.45877207
"Czech Republic","Homicide, Rate per 100,000 population","Rate per 100,000 population","1/1/2003 12:00:00 AM",1.59743689
"Czech Republic","Homicide, Rate per 100,000 population","Rate per 100,000 population","1/1/2004 12:00:00 AM",1.31271367
"Czech Republic","Homicide, Rate per 100,000 population","Rate per 100,000 population","1/1/2006 12:00:00 AM",1.26521839
"Czech Republic","Homicide, Rate per 100,000 population","Rate per 100,000 population","1/1/2007 12:00:00 AM",1.21883011
"Hungary","Homicide, Rate per 100,000 population","Rate per 100,000 population","1/1/2013 12:00:00 AM",2.66571854
"Hungary","Homicide, Rate per 100,000 population","Rate per 100,000 population","1/1/2012 12:00:00 AM",1.42545209
"Hungary","Homicide, Rate per 100,000 population","Rate per 100,000 population","1/1/2011 12:00:00 AM",1.74305573
"Hungary","Homicide, Rate per 100,000 population","Rate per 100,000 population","1/1/2010 12:00:00 AM",1.62761831
"Hungary","Homicide, Rate per 100,000 population","Rate per 100,000 population","1/1/2009 12:00:00 AM",1.46544306
"Hungary","Homicide, Rate per 100,000 population","Rate per 100,000 population","1/1/2008 12:00:00 AM",1.80170172
"Hungary","Homicide, Rate per 100,000 population","Rate per 100,000 population","1/1/2005 12:00:00 AM",1.6244115
"Hungary","Homicide, Rate per 100,000 population","Rate per 100,000 population","1/1/2000 12:00:00 AM",2.00506391
"Hungary","Homicide, Rate per 100,000 population","Rate per 100,000 population","1/1/2001 12:00:00 AM",2.49114125
"Hungary","Homicide, Rate per 100,000 population","Rate per 100,000 population","1/1/2002 12:00:00 AM",1.99634345
"Hungary","Homicide, Rate per 100,000 population","Rate per 100,000 population","1/1/2003 12:00:00 AM",2.24802344
"Hungary","Homicide, Rate per 100,000 population","Rate per 100,000 population","1/1/2004 12:00:00 AM",2.06565175
"Hungary","Homicide, Rate per 100,000 population","Rate per 100,000 population","1/1/2006 12:00:00 AM",1.72670146
"Hungary","Homicide, Rate per 100,000 population","Rate per 100,000 population","1/1/2007 12:00:00 AM",1.53069551
"Poland","Homicide, Rate per 100,000 population","Rate per 100,000 population","1/1/2013 12:00:00 AM",0.78186333
"Poland","Homicide, Rate per 100,000 population","Rate per 100,000 population","1/1/2012 12:00:00 AM",0.98874096
"Poland","Homicide, Rate per 100,000 population","Rate per 100,000 population","1/1/2011 12:00:00 AM",1.17710223
"Poland","Homicide, Rate per 100,000 population","Rate per 100,000 population","1/1/2010 12:00:00 AM",1.14139849
"Poland","Homicide, Rate per 100,000 population","Rate per 100,000 population","1/1/2009 12:00:00 AM",1.29079248
"Poland","Homicide, Rate per 100,000 population","Rate per 100,000 population","1/1/2008 12:00:00 AM",1.20451216
"Poland","Homicide, Rate per 100,000 population","Rate per 100,000 population","1/1/2005 12:00:00 AM",1.4526386
"Poland","Homicide, Rate per 100,000 population","Rate per 100,000 population","1/1/2000 12:00:00 AM",2.22938191
"Poland","Homicide, Rate per 100,000 population","Rate per 100,000 population","1/1/2001 12:00:00 AM",2.02532999
"Poland","Homicide, Rate per 100,000 population","Rate per 100,000 population","1/1/2002 12:00:00 AM",1.8704017
"Poland","Homicide, Rate per 100,000 population","Rate per 100,000 population","1/1/2003 12:00:00 AM",1.73069968
"Poland","Homicide, Rate per 100,000 population","Rate per 100,000 population","1/1/2004 12:00:00 AM",1.65596459
"Poland","Homicide, Rate per 100,000 population","Rate per 100,000 population","1/1/2006 12:00:00 AM",1.28291854
"Poland","Homicide, Rate per 100,000 population","Rate per 100,000 population","1/1/2007 12:00:00 AM",1.37473652
"Republic of Moldova","Homicide, Rate per 100,000 population","Rate per 100,000 population","1/1/2013 12:00:00 AM",5.0201853
"Republic of Moldova","Homicide, Rate per 100,000 population","Rate per 100,000 population","1/1/2012 12:00:00 AM",6.69449023
"Republic of Moldova","Homicide, Rate per 100,000 population","Rate per 100,000 population","1/1/2011 12:00:00 AM",8.74810733
"Republic of Moldova","Homicide, Rate per 100,000 population","Rate per 100,000 population","1/1/2010 12:00:00 AM",7.47266181
"Republic of Moldova","Homicide, Rate per 100,000 population","Rate per 100,000 population","1/1/2009 12:00:00 AM",6.82560144
"Republic of Moldova","Homicide, Rate per 100,000 population","Rate per 100,000 population","1/1/2008 12:00:00 AM",6.48973879
"Republic of Moldova","Homicide, Rate per 100,000 population","Rate per 100,000 population","1/1/2005 12:00:00 AM",7.85755109
"Republic of Moldova","Homicide, Rate per 100,000 population","Rate per 100,000 population","1/1/2000 12:00:00 AM",10.54250309
"Republic of Moldova","Homicide, Rate per 100,000 population","Rate per 100,000 population","1/1/2001 12:00:00 AM",10.14706061
"Republic of Moldova","Homicide, Rate per 100,000 population","Rate per 100,000 population","1/1/2002 12:00:00 AM",10.05280874
"Republic of Moldova","Homicide, Rate per 100,000 population","Rate per 100,000 population","1/1/2003 12:00:00 AM",8.18684695
"Republic of Moldova","Homicide, Rate per 100,000 population","Rate per 100,000 population","1/1/2004 12:00:00 AM",7.23622459
"Republic of Moldova","Homicide, Rate per 100,000 population","Rate per 100,000 population","1/1/2006 12:00:00 AM",7.05146303
"Republic of Moldova","Homicide, Rate per 100,000 population","Rate per 100,000 population","1/1/2007 12:00:00 AM",5.90855946
"Romania","Homicide, Rate per 100,000 population","Rate per 100,000 population","1/1/2013 12:00:00 AM",1.54766989
"Romania","Homicide, Rate per 100,000 population","Rate per 100,000 population","1/1/2012 12:00:00 AM",1.7370993
"Romania","Homicide, Rate per 100,000 population","Rate per 100,000 population","1/1/2011 12:00:00 AM",1.53593829
"Romania","Homicide, Rate per 100,000 population","Rate per 100,000 population","1/1/2010 12:00:00 AM",1.84799965
"Romania","Homicide, Rate per 100,000 population","Rate per 100,000 population","1/1/2009 12:00:00 AM",1.81168423
"Romania","Homicide, Rate per 100,000 population","Rate per 100,000 population","1/1/2008 12:00:00 AM",2.13977151
"Romania","Homicide, Rate per 100,000 population","Rate per 100,000 population","1/1/2005 12:00:00 AM",2.06663295
"Romania","Homicide, Rate per 100,000 population","Rate per 100,000 population","1/1/2000 12:00:00 AM",2.50130045
"Romania","Homicide, Rate per 100,000 population","Rate per 100,000 population","1/1/2001 12:00:00 AM",2.67591904
"Romania","Homicide, Rate per 100,000 population","Rate per 100,000 population","1/1/2002 12:00:00 AM",2.53038666
"Romania","Homicide, Rate per 100,000 population","Rate per 100,000 population","1/1/2003 12:00:00 AM",2.48180401
"Romania","Homicide, Rate per 100,000 population","Rate per 100,000 population","1/1/2004 12:00:00 AM",2.3287129
"Romania","Homicide, Rate per 100,000 population","Rate per 100,000 population","1/1/2006 12:00:00 AM",1.98500739
"Romania","Homicide, Rate per 100,000 population","Rate per 100,000 population","1/1/2007 12:00:00 AM",1.88954029
"Slovakia","Homicide, Rate per 100,000 population","Rate per 100,000 population","1/1/2013 12:00:00 AM",1.43454216
"Slovakia","Homicide, Rate per 100,000 population","Rate per 100,000 population","1/1/2012 12:00:00 AM",1.38052547
"Slovakia","Homicide, Rate per 100,000 population","Rate per 100,000 population","1/1/2011 12:00:00 AM",1.76855733
"Slovakia","Homicide, Rate per 100,000 population","Rate per 100,000 population","1/1/2010 12:00:00 AM",1.63800556
"Slovakia","Homicide, Rate per 100,000 population","Rate per 100,000 population","1/1/2009 12:00:00 AM",1.54837454
"Slovakia","Homicide, Rate per 100,000 population","Rate per 100,000 population","1/1/2008 12:00:00 AM",1.73577963
"Slovakia","Homicide, Rate per 100,000 population","Rate per 100,000 population","1/1/2005 12:00:00 AM",1.9660617
"Slovakia","Homicide, Rate per 100,000 population","Rate per 100,000 population","1/1/2000 12:00:00 AM",2.6540411
"Slovakia","Homicide, Rate per 100,000 population","Rate per 100,000 population","1/1/2001 12:00:00 AM",2.3940103
"Slovakia","Homicide, Rate per 100,000 population","Rate per 100,000 population","1/1/2002 12:00:00 AM",2.56128857
"Slovakia","Homicide, Rate per 100,000 population","Rate per 100,000 population","1/1/2003 12:00:00 AM",2.71000648
"Slovakia","Homicide, Rate per 100,000 population","Rate per 100,000 population","1/1/2004 12:00:00 AM",2.26414898
"Slovakia","Homicide, Rate per 100,000 population","Rate per 100,000 population","1/1/2006 12:00:00 AM",1.64894331
"Slovakia","Homicide, Rate per 100,000 population","Rate per 100,000 population","1/1/2007 12:00:00 AM",1.64640479
"Russian Federation","Homicide, Rate per 100,000 population","Rate per 100,000 population","1/1/2013 12:00:00 AM",9.00034775
"Russian Federation","Homicide, Rate per 100,000 population","Rate per 100,000 population","1/1/2012 12:00:00 AM",9.21597987
"Russian Federation","Homicide, Rate per 100,000 population","Rate per 100,000 population","1/1/2011 12:00:00 AM",9.69070643
"Russian Federation","Homicide, Rate per 100,000 population","Rate per 100,000 population","1/1/2010 12:00:00 AM",10.14775921
"Russian Federation","Homicide, Rate per 100,000 population","Rate per 100,000 population","1/1/2009 12:00:00 AM",11.10308912
"Russian Federation","Homicide, Rate per 100,000 population","Rate per 100,000 population","1/1/2008 12:00:00 AM",11.56552279
"Ukraine","Homicide, Rate per 100,000 population","Rate per 100,000 population","1/1/2010 12:00:00 AM",4.31702606
"Ukraine","Homicide, Rate per 100,000 population","Rate per 100,000 population","1/1/2009 12:00:00 AM",4.7420094
"Ukraine","Homicide, Rate per 100,000 population","Rate per 100,000 population","1/1/2008 12:00:00 AM",5.24737228
"Ukraine","Homicide, Rate per 100,000 population","Rate per 100,000 population","1/1/2005 12:00:00 AM",6.41760939
"Ukraine","Homicide, Rate per 100,000 population","Rate per 100,000 population","1/1/2003 12:00:00 AM",7.56789788
"Ukraine","Homicide, Rate per 100,000 population","Rate per 100,000 population","1/1/2004 12:00:00 AM",7.32342557
"Ukraine","Homicide, Rate per 100,000 population","Rate per 100,000 population","1/1/2006 12:00:00 AM",6.25328986
"Ukraine","Homicide, Rate per 100,000 population","Rate per 100,000 population","1/1/2007 12:00:00 AM",5.6566344
"Finland","Homicide, Rate per 100,000 population","Rate per 100,000 population","1/1/2013 12:00:00 AM",1.71796805
"Finland","Homicide, Rate per 100,000 population","Rate per 100,000 population","1/1/2012 12:00:00 AM",1.6314402
"Finland","Homicide, Rate per 100,000 population","Rate per 100,000 population","1/1/2011 12:00:00 AM",2.04664784
"Finland","Homicide, Rate per 100,000 population","Rate per 100,000 population","1/1/2010 12:00:00 AM",2.17970737
"Finland","Homicide, Rate per 100,000 population","Rate per 100,000 population","1/1/2009 12:00:00 AM",2.24553966
"Finland","Homicide, Rate per 100,000 population","Rate per 100,000 population","1/1/2008 12:00:00 AM",2.50080054
"Finland","Homicide, Rate per 100,000 population","Rate per 100,000 population","1/1/2005 12:00:00 AM",2.26823585
"Finland","Homicide, Rate per 100,000 population","Rate per 100,000 population","1/1/2000 12:00:00 AM",2.85908461
"Finland","Homicide, Rate per 100,000 population","Rate per 100,000 population","1/1/2001 12:00:00 AM",3.00674784
"Finland","Homicide, Rate per 100,000 population","Rate per 100,000 population","1/1/2002 12:00:00 AM",2.53833511
"Finland","Homicide, Rate per 100,000 population","Rate per 100,000 population","1/1/2003 12:00:00 AM",1.97574893
"Finland","Homicide, Rate per 100,000 population","Rate per 100,000 population","1/1/2004 12:00:00 AM",2.83072639
"Finland","Homicide, Rate per 100,000 population","Rate per 100,000 population","1/1/2006 12:00:00 AM",2.25900027
"Finland","Homicide, Rate per 100,000 population","Rate per 100,000 population","1/1/2007 12:00:00 AM",2.43752151
"Greenland","Homicide, Rate per 100,000 population","Rate per 100,000 population","1/1/2011 12:00:00 AM",1.75944261
"Greenland","Homicide, Rate per 100,000 population","Rate per 100,000 population","1/1/2010 12:00:00 AM",10.61083012
"Greenland","Homicide, Rate per 100,000 population","Rate per 100,000 population","1/1/2009 12:00:00 AM",19.44527922
"Greenland","Homicide, Rate per 100,000 population","Rate per 100,000 population","1/1/2008 12:00:00 AM",10.58667843
"Greenland","Homicide, Rate per 100,000 population","Rate per 100,000 population","1/1/2005 12:00:00 AM",17.55833758
"Greenland","Homicide, Rate per 100,000 population","Rate per 100,000 population","1/1/2000 12:00:00 AM",23.14237904
"Greenland","Homicide, Rate per 100,000 population","Rate per 100,000 population","1/1/2001 12:00:00 AM",30.1755507
"Greenland","Homicide, Rate per 100,000 population","Rate per 100,000 population","1/1/2002 12:00:00 AM",21.22616479
"Greenland","Homicide, Rate per 100,000 population","Rate per 100,000 population","1/1/2003 12:00:00 AM",8.81336812
"Greenland","Homicide, Rate per 100,000 population","Rate per 100,000 population","1/1/2004 12:00:00 AM",19.33861922
"Greenland","Homicide, Rate per 100,000 population","Rate per 100,000 population","1/1/2006 12:00:00 AM",17.56697409
"Greenland","Homicide, Rate per 100,000 population","Rate per 100,000 population","1/1/2007 12:00:00 AM",3.52007322
"Iceland","Homicide, Rate per 100,000 population","Rate per 100,000 population","1/1/2013 12:00:00 AM",0.3050962
"Iceland","Homicide, Rate per 100,000 population","Rate per 100,000 population","1/1/2012 12:00:00 AM",0.30858926
"Iceland","Homicide, Rate per 100,000 population","Rate per 100,000 population","1/1/2011 12:00:00 AM",0.93648971
"Iceland","Homicide, Rate per 100,000 population","Rate per 100,000 population","1/1/2010 12:00:00 AM",0.62884776
"Iceland","Homicide, Rate per 100,000 population","Rate per 100,000 population","1/1/2009 12:00:00 AM",0.31867025
"Iceland","Homicide, Rate per 100,000 population","Rate per 100,000 population","1/1/2008 12:00:00 AM",0
"Iceland","Homicide, Rate per 100,000 population","Rate per 100,000 population","1/1/2005 12:00:00 AM",1.01096901
"Iceland","Homicide, Rate per 100,000 population","Rate per 100,000 population","1/1/2000 12:00:00 AM",1.77800536
"Iceland","Homicide, Rate per 100,000 population","Rate per 100,000 population","1/1/2001 12:00:00 AM",0.35204326
"Iceland","Homicide, Rate per 100,000 population","Rate per 100,000 population","1/1/2002 12:00:00 AM",1.3940731
"Iceland","Homicide, Rate per 100,000 population","Rate per 100,000 population","1/1/2003 12:00:00 AM",0
"Iceland","Homicide, Rate per 100,000 population","Rate per 100,000 population","1/1/2004 12:00:00 AM",1.02329706
"Iceland","Homicide, Rate per 100,000 population","Rate per 100,000 population","1/1/2006 12:00:00 AM",0
"Iceland","Homicide, Rate per 100,000 population","Rate per 100,000 population","1/1/2007 12:00:00 AM",0.65583017
"Ireland","Homicide, Rate per 100,000 population","Rate per 100,000 population","1/1/2013 12:00:00 AM",1.10934259
"Ireland","Homicide, Rate per 100,000 population","Rate per 100,000 population","1/1/2012 12:00:00 AM",1.16888675
"Ireland","Homicide, Rate per 100,000 population","Rate per 100,000 population","1/1/2011 12:00:00 AM",0.92265114
"Ireland","Homicide, Rate per 100,000 population","Rate per 100,000 population","1/1/2010 12:00:00 AM",1.18632963
"Ireland","Homicide, Rate per 100,000 population","Rate per 100,000 population","1/1/2009 12:00:00 AM",1.26971977
"Ireland","Homicide, Rate per 100,000 population","Rate per 100,000 population","1/1/2008 12:00:00 AM",1.14898762
"Ireland","Homicide, Rate per 100,000 population","Rate per 100,000 population","1/1/2005 12:00:00 AM",1.25060065
"Ireland","Homicide, Rate per 100,000 population","Rate per 100,000 population","1/1/2000 12:00:00 AM",0.97272659
"Ireland","Homicide, Rate per 100,000 population","Rate per 100,000 population","1/1/2001 12:00:00 AM",1.34511551
"Ireland","Homicide, Rate per 100,000 population","Rate per 100,000 population","1/1/2002 12:00:00 AM",1.32118017
"Ireland","Homicide, Rate per 100,000 population","Rate per 100,000 population","1/1/2003 12:00:00 AM",1.12201208
"Ireland","Homicide, Rate per 100,000 population","Rate per 100,000 population","1/1/2004 12:00:00 AM",0.73425213
"Ireland","Homicide, Rate per 100,000 population","Rate per 100,000 population","1/1/2006 12:00:00 AM",1.46707227
"Ireland","Homicide, Rate per 100,000 population","Rate per 100,000 population","1/1/2007 12:00:00 AM",1.81795426
"Latvia","Homicide, Rate per 100,000 population","Rate per 100,000 population","1/1/2013 12:00:00 AM",3.45432195
"Latvia","Homicide, Rate per 100,000 population","Rate per 100,000 population","1/1/2012 12:00:00 AM",4.78690032
"Latvia","Homicide, Rate per 100,000 population","Rate per 100,000 population","1/1/2011 12:00:00 AM",3.35728961
"Latvia","Homicide, Rate per 100,000 population","Rate per 100,000 population","1/1/2010 12:00:00 AM",3.34845079
"Latvia","Homicide, Rate per 100,000 population","Rate per 100,000 population","1/1/2009 12:00:00 AM",5.11282054
"Latvia","Homicide, Rate per 100,000 population","Rate per 100,000 population","1/1/2008 12:00:00 AM",4.62993708
"Latvia","Homicide, Rate per 100,000 population","Rate per 100,000 population","1/1/2005 12:00:00 AM",5.65641584
"Latvia","Homicide, Rate per 100,000 population","Rate per 100,000 population","1/1/2000 12:00:00 AM",10.0359227
"Latvia","Homicide, Rate per 100,000 population","Rate per 100,000 population","1/1/2001 12:00:00 AM",9.33778875
"Latvia","Homicide, Rate per 100,000 population","Rate per 100,000 population","1/1/2002 12:00:00 AM",9.23504085
"Latvia","Homicide, Rate per 100,000 population","Rate per 100,000 population","1/1/2003 12:00:00 AM",8.82952032
"Latvia","Homicide, Rate per 100,000 population","Rate per 100,000 population","1/1/2004 12:00:00 AM",8.01719667
"Latvia","Homicide, Rate per 100,000 population","Rate per 100,000 population","1/1/2006 12:00:00 AM",5.82517468
"Latvia","Homicide, Rate per 100,000 population","Rate per 100,000 population","1/1/2007 12:00:00 AM",4.33747993
"Lithuania","Homicide, Rate per 100,000 population","Rate per 100,000 population","1/1/2013 12:00:00 AM",6.76241661
"Lithuania","Homicide, Rate per 100,000 population","Rate per 100,000 population","1/1/2012 12:00:00 AM",6.79576847
"Lithuania","Homicide, Rate per 100,000 population","Rate per 100,000 population","1/1/2011 12:00:00 AM",6.99386812
"Lithuania","Homicide, Rate per 100,000 population","Rate per 100,000 population","1/1/2010 12:00:00 AM",7.13713766
"Lithuania","Homicide, Rate per 100,000 population","Rate per 100,000 population","1/1/2009 12:00:00 AM",8.12386181
"Lithuania","Homicide, Rate per 100,000 population","Rate per 100,000 population","1/1/2008 12:00:00 AM",9.48045214
"Lithuania","Homicide, Rate per 100,000 population","Rate per 100,000 population","1/1/2005 12:00:00 AM",11.31806125
"Lithuania","Homicide, Rate per 100,000 population","Rate per 100,000 population","1/1/2004 12:00:00 AM",10.29022947
"Lithuania","Homicide, Rate per 100,000 population","Rate per 100,000 population","1/1/2006 12:00:00 AM",8.89213013
"Lithuania","Homicide, Rate per 100,000 population","Rate per 100,000 population","1/1/2007 12:00:00 AM",8.68314605
"Norway","Homicide, Rate per 100,000 population","Rate per 100,000 population","1/1/2013 12:00:00 AM",0.92441116
"Norway","Homicide, Rate per 100,000 population","Rate per 100,000 population","1/1/2012 12:00:00 AM",0.54699468
"Norway","Homicide, Rate per 100,000 population","Rate per 100,000 population","1/1/2011 12:00:00 AM",2.26716399
"Norway","Homicide, Rate per 100,000 population","Rate per 100,000 population","1/1/2010 12:00:00 AM",0.59289536
"Norway","Homicide, Rate per 100,000 population","Rate per 100,000 population","1/1/2009 12:00:00 AM",0.59971516
"Norway","Homicide, Rate per 100,000 population","Rate per 100,000 population","1/1/2008 12:00:00 AM",0.7116033
"Norway","Homicide, Rate per 100,000 population","Rate per 100,000 population","1/1/2005 12:00:00 AM",0.71360794
"Norway","Homicide, Rate per 100,000 population","Rate per 100,000 population","1/1/2000 12:00:00 AM",1.09093208
"Norway","Homicide, Rate per 100,000 population","Rate per 100,000 population","1/1/2001 12:00:00 AM",0.81954087
"Norway","Homicide, Rate per 100,000 population","Rate per 100,000 population","1/1/2002 12:00:00 AM",1.01396472
"Norway","Homicide, Rate per 100,000 population","Rate per 100,000 population","1/1/2003 12:00:00 AM",1.11841786
"Norway","Homicide, Rate per 100,000 population","Rate per 100,000 population","1/1/2004 12:00:00 AM",0.7845797
"Norway","Homicide, Rate per 100,000 population","Rate per 100,000 population","1/1/2006 12:00:00 AM",0.70679113
"Norway","Homicide, Rate per 100,000 population","Rate per 100,000 population","1/1/2007 12:00:00 AM",0.63544782
"Sweden","Homicide, Rate per 100,000 population","Rate per 100,000 population","1/1/2013 12:00:00 AM",0.9166511
"Sweden","Homicide, Rate per 100,000 population","Rate per 100,000 population","1/1/2012 12:00:00 AM",0.72043136
"Sweden","Homicide, Rate per 100,000 population","Rate per 100,000 population","1/1/2011 12:00:00 AM",0.86294065
"Sweden","Homicide, Rate per 100,000 population","Rate per 100,000 population","1/1/2010 12:00:00 AM",0.96991174
"Sweden","Homicide, Rate per 100,000 population","Rate per 100,000 population","1/1/2009 12:00:00 AM",0.93444945
"Sweden","Homicide, Rate per 100,000 population","Rate per 100,000 population","1/1/2008 12:00:00 AM",0.83382415
"Sweden","Homicide, Rate per 100,000 population","Rate per 100,000 population","1/1/2005 12:00:00 AM",0.87484578
"Sweden","Homicide, Rate per 100,000 population","Rate per 100,000 population","1/1/2000 12:00:00 AM",1.08202127
"Sweden","Homicide, Rate per 100,000 population","Rate per 100,000 population","1/1/2001 12:00:00 AM",0.97879899
"Sweden","Homicide, Rate per 100,000 population","Rate per 100,000 population","1/1/2002 12:00:00 AM",1.13341075
"Sweden","Homicide, Rate per 100,000 population","Rate per 100,000 population","1/1/2003 12:00:00 AM",0.95059649
"Sweden","Homicide, Rate per 100,000 population","Rate per 100,000 population","1/1/2004 12:00:00 AM",1.19136667
"Sweden","Homicide, Rate per 100,000 population","Rate per 100,000 population","1/1/2006 12:00:00 AM",0.96813121
"Sweden","Homicide, Rate per 100,000 population","Rate per 100,000 population","1/1/2007 12:00:00 AM",1.16823004
"United Kingdom of Great Britain and Northern Ireland","Homicide, Rate per 100,000 population","Rate per 100,000 population","1/1/2013 12:00:00 AM",0.95713717
"United Kingdom of Great Britain and Northern Ireland","Homicide, Rate per 100,000 population","Rate per 100,000 population","1/1/2012 12:00:00 AM",1.02904983
"United Kingdom of Great Britain and Northern Ireland","Homicide, Rate per 100,000 population","Rate per 100,000 population","1/1/2011 12:00:00 AM",1.03744917
"United Kingdom of Great Britain and Northern Ireland","Homicide, Rate per 100,000 population","Rate per 100,000 population","1/1/2010 12:00:00 AM",1.21321779
"United Kingdom of Great Britain and Northern Ireland","Homicide, Rate per 100,000 population","Rate per 100,000 population","1/1/2009 12:00:00 AM",1.15719737
"United Kingdom of Great Britain and Northern Ireland","Homicide, Rate per 100,000 population","Rate per 100,000 population","1/1/2008 12:00:00 AM",1.23913198
"United Kingdom of Great Britain and Northern Ireland","Homicide, Rate per 100,000 population","Rate per 100,000 population","1/1/2005 12:00:00 AM",1.48611542
"United Kingdom of Great Britain and Northern Ireland","Homicide, Rate per 100,000 population","Rate per 100,000 population","1/1/2000 12:00:00 AM",1.69970391
"United Kingdom of Great Britain and Northern Ireland","Homicide, Rate per 100,000 population","Rate per 100,000 population","1/1/2001 12:00:00 AM",1.75554874
"United Kingdom of Great Britain and Northern Ireland","Homicide, Rate per 100,000 population","Rate per 100,000 population","1/1/2002 12:00:00 AM",2.02079902
"United Kingdom of Great Britain and Northern Ireland","Homicide, Rate per 100,000 population","Rate per 100,000 population","1/1/2003 12:00:00 AM",1.74042816
"United Kingdom of Great Britain and Northern Ireland","Homicide, Rate per 100,000 population","Rate per 100,000 population","1/1/2004 12:00:00 AM",1.63876712
"United Kingdom of Great Britain and Northern Ireland","Homicide, Rate per 100,000 population","Rate per 100,000 population","1/1/2006 12:00:00 AM",1.42360127
"United Kingdom of Great Britain and Northern Ireland","Homicide, Rate per 100,000 population","Rate per 100,000 population","1/1/2007 12:00:00 AM",1.43184328
"Denmark","Homicide, Rate per 100,000 population","Rate per 100,000 population","1/1/2013 12:00:00 AM",0.74988578
"Denmark","Homicide, Rate per 100,000 population","Rate per 100,000 population","1/1/2012 12:00:00 AM",0.71689449
"Denmark","Homicide, Rate per 100,000 population","Rate per 100,000 population","1/1/2011 12:00:00 AM",0.79159608
"Denmark","Homicide, Rate per 100,000 population","Rate per 100,000 population","1/1/2010 12:00:00 AM",0.75662602
"Denmark","Homicide, Rate per 100,000 population","Rate per 100,000 population","1/1/2009 12:00:00 AM",0.85076697
"Denmark","Homicide, Rate per 100,000 population","Rate per 100,000 population","1/1/2008 12:00:00 AM",0.98251416
"Denmark","Homicide, Rate per 100,000 population","Rate per 100,000 population","1/1/2005 12:00:00 AM",0.97827636
"Denmark","Homicide, Rate per 100,000 population","Rate per 100,000 population","1/1/2000 12:00:00 AM",1.08649167
"Denmark","Homicide, Rate per 100,000 population","Rate per 100,000 population","1/1/2001 12:00:00 AM",0.97111239
"Denmark","Homicide, Rate per 100,000 population","Rate per 100,000 population","1/1/2002 12:00:00 AM",1.04302594
"Denmark","Homicide, Rate per 100,000 population","Rate per 100,000 population","1/1/2003 12:00:00 AM",1.20753808
"Denmark","Homicide, Rate per 100,000 population","Rate per 100,000 population","1/1/2004 12:00:00 AM",0.79650899
"Denmark","Homicide, Rate per 100,000 population","Rate per 100,000 population","1/1/2006 12:00:00 AM",0.5329978
"Denmark","Homicide, Rate per 100,000 population","Rate per 100,000 population","1/1/2007 12:00:00 AM",0.71329924
"Estonia","Homicide, Rate per 100,000 population","Rate per 100,000 population","1/1/2013 12:00:00 AM",4.08040411
"Estonia","Homicide, Rate per 100,000 population","Rate per 100,000 population","1/1/2012 12:00:00 AM",4.9176958
"Estonia","Homicide, Rate per 100,000 population","Rate per 100,000 population","1/1/2011 12:00:00 AM",5.04739903
"Estonia","Homicide, Rate per 100,000 population","Rate per 100,000 population","1/1/2010 12:00:00 AM",5.39069858
"Estonia","Homicide, Rate per 100,000 population","Rate per 100,000 population","1/1/2009 12:00:00 AM",5.37236227
"Estonia","Homicide, Rate per 100,000 population","Rate per 100,000 population","1/1/2008 12:00:00 AM",6.42286786
"Estonia","Homicide, Rate per 100,000 population","Rate per 100,000 population","1/1/2005 12:00:00 AM",8.52758107
"Estonia","Homicide, Rate per 100,000 population","Rate per 100,000 population","1/1/2000 12:00:00 AM",10.46762466
"Estonia","Homicide, Rate per 100,000 population","Rate per 100,000 population","1/1/2001 12:00:00 AM",10.09915602
"Estonia","Homicide, Rate per 100,000 population","Rate per 100,000 population","1/1/2002 12:00:00 AM",10.53667282
"Estonia","Homicide, Rate per 100,000 population","Rate per 100,000 population","1/1/2003 12:00:00 AM",10.9746292
"Estonia","Homicide, Rate per 100,000 population","Rate per 100,000 population","1/1/2004 12:00:00 AM",6.83220114
"Estonia","Homicide, Rate per 100,000 population","Rate per 100,000 population","1/1/2006 12:00:00 AM",6.89972576
"Estonia","Homicide, Rate per 100,000 population","Rate per 100,000 population","1/1/2007 12:00:00 AM",7.08227163
"Albania","Homicide, Rate per 100,000 population","Rate per 100,000 population","1/1/2013 12:00:00 AM",4.02882286
"Albania","Homicide, Rate per 100,000 population","Rate per 100,000 population","1/1/2012 12:00:00 AM",5.07377145
"Albania","Homicide, Rate per 100,000 population","Rate per 100,000 population","1/1/2011 12:00:00 AM",4.56464214
"Albania","Homicide, Rate per 100,000 population","Rate per 100,000 population","1/1/2010 12:00:00 AM",4.03156301
"Albania","Homicide, Rate per 100,000 population","Rate per 100,000 population","1/1/2009 12:00:00 AM",2.69739796
"Albania","Homicide, Rate per 100,000 population","Rate per 100,000 population","1/1/2008 12:00:00 AM",2.94620048
"Albania","Homicide, Rate per 100,000 population","Rate per 100,000 population","1/1/2005 12:00:00 AM",4.81832716
"Albania","Homicide, Rate per 100,000 population","Rate per 100,000 population","1/1/2006 12:00:00 AM",2.98782258
"Albania","Homicide, Rate per 100,000 population","Rate per 100,000 population","1/1/2007 12:00:00 AM",3.31625515
"Andorra","Homicide, Rate per 100,000 population","Rate per 100,000 population","1/1/2013 12:00:00 AM",0
"Andorra","Homicide, Rate per 100,000 population","Rate per 100,000 population","1/1/2012 12:00:00 AM",0
"Andorra","Homicide, Rate per 100,000 population","Rate per 100,000 population","1/1/2011 12:00:00 AM",1.28016386
"Andorra","Homicide, Rate per 100,000 population","Rate per 100,000 population","1/1/2010 12:00:00 AM",1.17626301
"Andorra","Homicide, Rate per 100,000 population","Rate per 100,000 population","1/1/2009 12:00:00 AM",1.18931519
"Andorra","Homicide, Rate per 100,000 population","Rate per 100,000 population","1/1/2008 12:00:00 AM",1.18365608
"Andorra","Homicide, Rate per 100,000 population","Rate per 100,000 population","1/1/2004 12:00:00 AM",1.30081301
"Andorra","Homicide, Rate per 100,000 population","Rate per 100,000 population","1/1/2007 12:00:00 AM",0
"Bosnia and Herzegovina","Homicide, Rate per 100,000 population","Rate per 100,000 population","1/1/2013 12:00:00 AM",1.21929824
"Bosnia and Herzegovina","Homicide, Rate per 100,000 population","Rate per 100,000 population","1/1/2012 12:00:00 AM",1.63352811
"Bosnia and Herzegovina","Homicide, Rate per 100,000 population","Rate per 100,000 population","1/1/2011 12:00:00 AM",1.32169222
"Bosnia and Herzegovina","Homicide, Rate per 100,000 population","Rate per 100,000 population","1/1/2010 12:00:00 AM",1.45608512
"Bosnia and Herzegovina","Homicide, Rate per 100,000 population","Rate per 100,000 population","1/1/2009 12:00:00 AM",1.84250668
"Croatia","Homicide, Rate per 100,000 population","Rate per 100,000 population","1/1/2013 12:00:00 AM",1.07105979
"Croatia","Homicide, Rate per 100,000 population","Rate per 100,000 population","1/1/2012 12:00:00 AM",1.18402973
"Croatia","Homicide, Rate per 100,000 population","Rate per 100,000 population","1/1/2011 12:00:00 AM",1.13430208
"Croatia","Homicide, Rate per 100,000 population","Rate per 100,000 population","1/1/2010 12:00:00 AM",1.42922116
"Croatia","Homicide, Rate per 100,000 population","Rate per 100,000 population","1/1/2009 12:00:00 AM",1.12645491
"Croatia","Homicide, Rate per 100,000 population","Rate per 100,000 population","1/1/2008 12:00:00 AM",1.53665284
"Croatia","Homicide, Rate per 100,000 population","Rate per 100,000 population","1/1/2005 12:00:00 AM",1.5038084
"Croatia","Homicide, Rate per 100,000 population","Rate per 100,000 population","1/1/2000 12:00:00 AM",2.25688187
"Croatia","Homicide, Rate per 100,000 population","Rate per 100,000 population","1/1/2001 12:00:00 AM",1.82153909
"Croatia","Homicide, Rate per 100,000 population","Rate per 100,000 population","1/1/2002 12:00:00 AM",1.64930826
"Croatia","Homicide, Rate per 100,000 population","Rate per 100,000 population","1/1/2003 12:00:00 AM",1.51880255
"Croatia","Homicide, Rate per 100,000 population","Rate per 100,000 population","1/1/2004 12:00:00 AM",1.88648969
"Croatia","Homicide, Rate per 100,000 population","Rate per 100,000 population","1/1/2006 12:00:00 AM",1.55300746
"Croatia","Homicide, Rate per 100,000 population","Rate per 100,000 population","1/1/2007 12:00:00 AM",1.39609282
"Greece","Homicide, Rate per 100,000 population","Rate per 100,000 population","1/1/2013 12:00:00 AM",1.37368999
"Greece","Homicide, Rate per 100,000 population","Rate per 100,000 population","1/1/2012 12:00:00 AM",1.49188715
"Greece","Homicide, Rate per 100,000 population","Rate per 100,000 population","1/1/2011 12:00:00 AM",1.65530001
"Greece","Homicide, Rate per 100,000 population","Rate per 100,000 population","1/1/2010 12:00:00 AM",1.58415856
"Greece","Homicide, Rate per 100,000 population","Rate per 100,000 population","1/1/2009 12:00:00 AM",1.36959776
"Greece","Homicide, Rate per 100,000 population","Rate per 100,000 population","1/1/2008 12:00:00 AM",1.29927981
"Greece","Homicide, Rate per 100,000 population","Rate per 100,000 population","1/1/2005 12:00:00 AM",1.19547437
"Greece","Homicide, Rate per 100,000 population","Rate per 100,000 population","1/1/2000 12:00:00 AM",0.73724276
"Greece","Homicide, Rate per 100,000 population","Rate per 100,000 population","1/1/2001 12:00:00 AM",1.198591
"Greece","Homicide, Rate per 100,000 population","Rate per 100,000 population","1/1/2002 12:00:00 AM",0.8525027
"Greece","Homicide, Rate per 100,000 population","Rate per 100,000 population","1/1/2003 12:00:00 AM",1.10590109
"Greece","Homicide, Rate per 100,000 population","Rate per 100,000 population","1/1/2004 12:00:00 AM",1.00586282
"Greece","Homicide, Rate per 100,000 population","Rate per 100,000 population","1/1/2006 12:00:00 AM",0.99524868
"Greece","Homicide, Rate per 100,000 population","Rate per 100,000 population","1/1/2007 12:00:00 AM",1.17467573
"Italy","Homicide, Rate per 100,000 population","Rate per 100,000 population","1/1/2013 12:00:00 AM",0.81403639
"Italy","Homicide, Rate per 100,000 population","Rate per 100,000 population","1/1/2012 12:00:00 AM",0.86464873
"Italy","Homicide, Rate per 100,000 population","Rate per 100,000 population","1/1/2011 12:00:00 AM",0.90603006
"Italy","Homicide, Rate per 100,000 population","Rate per 100,000 population","1/1/2010 12:00:00 AM",0.87425043
"Italy","Homicide, Rate per 100,000 population","Rate per 100,000 population","1/1/2009 12:00:00 AM",0.97973584
"Italy","Homicide, Rate per 100,000 population","Rate per 100,000 population","1/1/2008 12:00:00 AM",1.02716012
"Italy","Homicide, Rate per 100,000 population","Rate per 100,000 population","1/1/2005 12:00:00 AM",1.03968078
"Italy","Homicide, Rate per 100,000 population","Rate per 100,000 population","1/1/2000 12:00:00 AM",1.3441878
"Italy","Homicide, Rate per 100,000 population","Rate per 100,000 population","1/1/2001 12:00:00 AM",1.23950544
"Italy","Homicide, Rate per 100,000 population","Rate per 100,000 population","1/1/2002 12:00:00 AM",1.11997176
"Italy","Homicide, Rate per 100,000 population","Rate per 100,000 population","1/1/2003 12:00:00 AM",1.24248244
"Italy","Homicide, Rate per 100,000 population","Rate per 100,000 population","1/1/2004 12:00:00 AM",1.23568943
"Italy","Homicide, Rate per 100,000 population","Rate per 100,000 population","1/1/2006 12:00:00 AM",1.05791857
"Italy","Homicide, Rate per 100,000 population","Rate per 100,000 population","1/1/2007 12:00:00 AM",1.06076262
"Malta","Homicide, Rate per 100,000 population","Rate per 100,000 population","1/1/2013 12:00:00 AM",1.63075179
"Malta","Homicide, Rate per 100,000 population","Rate per 100,000 population","1/1/2012 12:00:00 AM",2.80681496
"Malta","Homicide, Rate per 100,000 population","Rate per 100,000 population","1/1/2011 12:00:00 AM",0.70453655
"Malta","Homicide, Rate per 100,000 population","Rate per 100,000 population","1/1/2010 12:00:00 AM",0.94175704
"Malta","Homicide, Rate per 100,000 population","Rate per 100,000 population","1/1/2009 12:00:00 AM",0.94591271
"Malta","Homicide, Rate per 100,000 population","Rate per 100,000 population","1/1/2008 12:00:00 AM",1.42586907
"Malta","Homicide, Rate per 100,000 population","Rate per 100,000 population","1/1/2005 12:00:00 AM",0.96444338
"Malta","Homicide, Rate per 100,000 population","Rate per 100,000 population","1/1/2000 12:00:00 AM",0.98152524
"Malta","Homicide, Rate per 100,000 population","Rate per 100,000 population","1/1/2001 12:00:00 AM",1.46657672
"Malta","Homicide, Rate per 100,000 population","Rate per 100,000 population","1/1/2002 12:00:00 AM",1.46165708
"Malta","Homicide, Rate per 100,000 population","Rate per 100,000 population","1/1/2003 12:00:00 AM",0
"Malta","Homicide, Rate per 100,000 population","Rate per 100,000 population","1/1/2004 12:00:00 AM",1.69421788
"Malta","Homicide, Rate per 100,000 population","Rate per 100,000 population","1/1/2006 12:00:00 AM",0
"Malta","Homicide, Rate per 100,000 population","Rate per 100,000 population","1/1/2007 12:00:00 AM",0.95547487
"Montenegro","Homicide, Rate per 100,000 population","Rate per 100,000 population","1/1/2013 12:00:00 AM",1.60433705
"Montenegro","Homicide, Rate per 100,000 population","Rate per 100,000 population","1/1/2012 12:00:00 AM",2.73158813
"Montenegro","Homicide, Rate per 100,000 population","Rate per 100,000 population","1/1/2011 12:00:00 AM",3.37953781
"Montenegro","Homicide, Rate per 100,000 population","Rate per 100,000 population","1/1/2010 12:00:00 AM",2.41905051
"Montenegro","Homicide, Rate per 100,000 population","Rate per 100,000 population","1/1/2009 12:00:00 AM",3.390334
"Montenegro","Homicide, Rate per 100,000 population","Rate per 100,000 population","1/1/2008 12:00:00 AM",3.87942113
"Montenegro","Homicide, Rate per 100,000 population","Rate per 100,000 population","1/1/2007 12:00:00 AM",1.94237617
"Portugal","Homicide, Rate per 100,000 population","Rate per 100,000 population","1/1/2013 12:00:00 AM",1.34424056
"Portugal","Homicide, Rate per 100,000 population","Rate per 100,000 population","1/1/2012 12:00:00 AM",1.14192611
"Portugal","Homicide, Rate per 100,000 population","Rate per 100,000 population","1/1/2011 12:00:00 AM",1.06991633
"Portugal","Homicide, Rate per 100,000 population","Rate per 100,000 population","1/1/2010 12:00:00 AM",1.17093896
"Portugal","Homicide, Rate per 100,000 population","Rate per 100,000 population","1/1/2009 12:00:00 AM",1.2286553
"Portugal","Homicide, Rate per 100,000 population","Rate per 100,000 population","1/1/2008 12:00:00 AM",1.17314471
"Portugal","Homicide, Rate per 100,000 population","Rate per 100,000 population","1/1/2005 12:00:00 AM",1.26534504
"Portugal","Homicide, Rate per 100,000 population","Rate per 100,000 population","1/1/2000 12:00:00 AM",1.12553696
"Portugal","Homicide, Rate per 100,000 population","Rate per 100,000 population","1/1/2001 12:00:00 AM",1.01442807
"Portugal","Homicide, Rate per 100,000 population","Rate per 100,000 population","1/1/2002 12:00:00 AM",1.14471177
"Portugal","Homicide, Rate per 100,000 population","Rate per 100,000 population","1/1/2003 12:00:00 AM",1.42733555
"Portugal","Homicide, Rate per 100,000 population","Rate per 100,000 population","1/1/2004 12:00:00 AM",1.37429207
"Portugal","Homicide, Rate per 100,000 population","Rate per 100,000 population","1/1/2006 12:00:00 AM",1.47104867
"Portugal","Homicide, Rate per 100,000 population","Rate per 100,000 population","1/1/2007 12:00:00 AM",1.75257406
"Serbia","Homicide, Rate per 100,000 population","Rate per 100,000 population","1/1/2013 12:00:00 AM",1.45023614
"Serbia","Homicide, Rate per 100,000 population","Rate per 100,000 population","1/1/2012 12:00:00 AM",1.16711845
"Serbia","Homicide, Rate per 100,000 population","Rate per 100,000 population","1/1/2011 12:00:00 AM",1.37866665
"Serbia","Homicide, Rate per 100,000 population","Rate per 100,000 population","1/1/2010 12:00:00 AM",1.27499337
"Serbia","Homicide, Rate per 100,000 population","Rate per 100,000 population","1/1/2009 12:00:00 AM",1.49455077
"Serbia","Homicide, Rate per 100,000 population","Rate per 100,000 population","1/1/2008 12:00:00 AM",1.43428265
"Serbia","Homicide, Rate per 100,000 population","Rate per 100,000 population","1/1/2005 12:00:00 AM",1.47644335
"Serbia","Homicide, Rate per 100,000 population","Rate per 100,000 population","1/1/2000 12:00:00 AM",2.21953002
"Serbia","Homicide, Rate per 100,000 population","Rate per 100,000 population","1/1/2001 12:00:00 AM",2.37878663
"Serbia","Homicide, Rate per 100,000 population","Rate per 100,000 population","1/1/2002 12:00:00 AM",1.96969254
"Serbia","Homicide, Rate per 100,000 population","Rate per 100,000 population","1/1/2003 12:00:00 AM",1.74435021
"Serbia","Homicide, Rate per 100,000 population","Rate per 100,000 population","1/1/2004 12:00:00 AM",1.63613773
"Serbia","Homicide, Rate per 100,000 population","Rate per 100,000 population","1/1/2006 12:00:00 AM",1.57747256
"Serbia","Homicide, Rate per 100,000 population","Rate per 100,000 population","1/1/2007 12:00:00 AM",1.74068072
"Slovenia","Homicide, Rate per 100,000 population","Rate per 100,000 population","1/1/2013 12:00:00 AM",0.58128417
"Slovenia","Homicide, Rate per 100,000 population","Rate per 100,000 population","1/1/2012 12:00:00 AM",0.68038406
"Slovenia","Homicide, Rate per 100,000 population","Rate per 100,000 population","1/1/2011 12:00:00 AM",0.78013466
"Slovenia","Homicide, Rate per 100,000 population","Rate per 100,000 population","1/1/2010 12:00:00 AM",0.7301999
"Slovenia","Homicide, Rate per 100,000 population","Rate per 100,000 population","1/1/2009 12:00:00 AM",0.63593067
"Slovenia","Homicide, Rate per 100,000 population","Rate per 100,000 population","1/1/2008 12:00:00 AM",0.49201218
"Slovenia","Homicide, Rate per 100,000 population","Rate per 100,000 population","1/1/2005 12:00:00 AM",0.99982553
"Slovenia","Homicide, Rate per 100,000 population","Rate per 100,000 population","1/1/2000 12:00:00 AM",1.80945895
"Slovenia","Homicide, Rate per 100,000 population","Rate per 100,000 population","1/1/2001 12:00:00 AM",1.40722469
"Slovenia","Homicide, Rate per 100,000 population","Rate per 100,000 population","1/1/2002 12:00:00 AM",1.80896341
"Slovenia","Homicide, Rate per 100,000 population","Rate per 100,000 population","1/1/2003 12:00:00 AM",1.05455144
"Slovenia","Homicide, Rate per 100,000 population","Rate per 100,000 population","1/1/2004 12:00:00 AM",1.3536698
"Slovenia","Homicide, Rate per 100,000 population","Rate per 100,000 population","1/1/2006 12:00:00 AM",0.59730139
"Slovenia","Homicide, Rate per 100,000 population","Rate per 100,000 population","1/1/2007 12:00:00 AM",1.18802706
"Spain","Homicide, Rate per 100,000 population","Rate per 100,000 population","1/1/2013 12:00:00 AM",0.62605677
"Spain","Homicide, Rate per 100,000 population","Rate per 100,000 population","1/1/2012 12:00:00 AM",0.76015183
"Spain","Homicide, Rate per 100,000 population","Rate per 100,000 population","1/1/2011 12:00:00 AM",0.82330452
"Spain","Homicide, Rate per 100,000 population","Rate per 100,000 population","1/1/2010 12:00:00 AM",0.84448417
"Spain","Homicide, Rate per 100,000 population","Rate per 100,000 population","1/1/2009 12:00:00 AM",0.87204985
"Spain","Homicide, Rate per 100,000 population","Rate per 100,000 population","1/1/2008 12:00:00 AM",0.94157419
"Spain","Homicide, Rate per 100,000 population","Rate per 100,000 population","1/1/2005 12:00:00 AM",1.19389288
"Spain","Homicide, Rate per 100,000 population","Rate per 100,000 population","1/1/2000 12:00:00 AM",1.37279339
"Spain","Homicide, Rate per 100,000 population","Rate per 100,000 population","1/1/2001 12:00:00 AM",1.41571902
"Spain","Homicide, Rate per 100,000 population","Rate per 100,000 population","1/1/2002 12:00:00 AM",1.36407375
"Spain","Homicide, Rate per 100,000 population","Rate per 100,000 population","1/1/2003 12:00:00 AM",1.39709135
"Spain","Homicide, Rate per 100,000 population","Rate per 100,000 population","1/1/2004 12:00:00 AM",1.21750488
"Spain","Homicide, Rate per 100,000 population","Rate per 100,000 population","1/1/2006 12:00:00 AM",1.0808735
"Spain","Homicide, Rate per 100,000 population","Rate per 100,000 population","1/1/2007 12:00:00 AM",1.07916729
"The former Yugoslav Republic of Macedonia","Homicide, Rate per 100,000 population","Rate per 100,000 population","1/1/2013 12:00:00 AM",1.03666265
"The former Yugoslav Republic of Macedonia","Homicide, Rate per 100,000 population","Rate per 100,000 population","1/1/2012 12:00:00 AM",1.36947147
"The former Yugoslav Republic of Macedonia","Homicide, Rate per 100,000 population","Rate per 100,000 population","1/1/2011 12:00:00 AM",1.41977167
"The former Yugoslav Republic of Macedonia","Homicide, Rate per 100,000 population","Rate per 100,000 population","1/1/2010 12:00:00 AM",2.0454606
"The former Yugoslav Republic of Macedonia","Homicide, Rate per 100,000 population","Rate per 100,000 population","1/1/2009 12:00:00 AM",1.66622393
"The former Yugoslav Republic of Macedonia","Homicide, Rate per 100,000 population","Rate per 100,000 population","1/1/2008 12:00:00 AM",1.66764422
"The former Yugoslav Republic of Macedonia","Homicide, Rate per 100,000 population","Rate per 100,000 population","1/1/2005 12:00:00 AM",2.10521884
"The former Yugoslav Republic of Macedonia","Homicide, Rate per 100,000 population","Rate per 100,000 population","1/1/2000 12:00:00 AM",2.29030436
"The former Yugoslav Republic of Macedonia","Homicide, Rate per 100,000 population","Rate per 100,000 population","1/1/2001 12:00:00 AM",2.66331186
"The former Yugoslav Republic of Macedonia","Homicide, Rate per 100,000 population","Rate per 100,000 population","1/1/2002 12:00:00 AM",2.89234546
"The former Yugoslav Republic of Macedonia","Homicide, Rate per 100,000 population","Rate per 100,000 population","1/1/2003 12:00:00 AM",3.36398403
"The former Yugoslav Republic of Macedonia","Homicide, Rate per 100,000 population","Rate per 100,000 population","1/1/2004 12:00:00 AM",2.34929962
"The former Yugoslav Republic of Macedonia","Homicide, Rate per 100,000 population","Rate per 100,000 population","1/1/2006 12:00:00 AM",2.19696141
"The former Yugoslav Republic of Macedonia","Homicide, Rate per 100,000 population","Rate per 100,000 population","1/1/2007 12:00:00 AM",2.00322424
"San Marino","Homicide, Rate per 100,000 population","Rate per 100,000 population","1/1/2011 12:00:00 AM",0
"San Marino","Homicide, Rate per 100,000 population","Rate per 100,000 population","1/1/2010 12:00:00 AM",0
"San Marino","Homicide, Rate per 100,000 population","Rate per 100,000 population","1/1/2009 12:00:00 AM",0
"San Marino","Homicide, Rate per 100,000 population","Rate per 100,000 population","1/1/2008 12:00:00 AM",0
"San Marino","Homicide, Rate per 100,000 population","Rate per 100,000 population","1/1/2005 12:00:00 AM",0
"San Marino","Homicide, Rate per 100,000 population","Rate per 100,000 population","1/1/2001 12:00:00 AM",0
"San Marino","Homicide, Rate per 100,000 population","Rate per 100,000 population","1/1/2002 12:00:00 AM",3.56328392
"San Marino","Homicide, Rate per 100,000 population","Rate per 100,000 population","1/1/2003 12:00:00 AM",0
"San Marino","Homicide, Rate per 100,000 population","Rate per 100,000 population","1/1/2004 12:00:00 AM",0
"San Marino","Homicide, Rate per 100,000 population","Rate per 100,000 population","1/1/2006 12:00:00 AM",0
"San Marino","Homicide, Rate per 100,000 population","Rate per 100,000 population","1/1/2007 12:00:00 AM",0
"Kosovo (in compliance with UN Security Council Resolution 1244/99)","Homicide, Rate per 100,000 population","Rate per 100,000 population","1/1/2013 12:00:00 AM",2.21896533
"Kosovo (in compliance with UN Security Council Resolution 1244/99)","Homicide, Rate per 100,000 population","Rate per 100,000 population","1/1/2012 12:00:00 AM",4.90054881
"Kosovo (in compliance with UN Security Council Resolution 1244/99)","Homicide, Rate per 100,000 population","Rate per 100,000 population","1/1/2011 12:00:00 AM",3.39608421
"Kosovo (in compliance with UN Security Council Resolution 1244/99)","Homicide, Rate per 100,000 population","Rate per 100,000 population","1/1/2010 12:00:00 AM",5.84006594
"Kosovo (in compliance with UN Security Council Resolution 1244/99)","Homicide, Rate per 100,000 population","Rate per 100,000 population","1/1/2009 12:00:00 AM",4.04468434
"Kosovo (in compliance with UN Security Council Resolution 1244/99)","Homicide, Rate per 100,000 population","Rate per 100,000 population","1/1/2008 12:00:00 AM",6.29532074
"Switzerland","Homicide, Rate per 100,000 population","Rate per 100,000 population","1/1/2013 12:00:00 AM",0.72618536
"Switzerland","Homicide, Rate per 100,000 population","Rate per 100,000 population","1/1/2012 12:00:00 AM",0.56821614
"Switzerland","Homicide, Rate per 100,000 population","Rate per 100,000 population","1/1/2011 12:00:00 AM",0.58583042
"Switzerland","Homicide, Rate per 100,000 population","Rate per 100,000 population","1/1/2010 12:00:00 AM",0.6640671
"Switzerland","Homicide, Rate per 100,000 population","Rate per 100,000 population","1/1/2009 12:00:00 AM",0.65867917
"Switzerland","Homicide, Rate per 100,000 population","Rate per 100,000 population","1/1/2008 12:00:00 AM",0.70559993
"Switzerland","Homicide, Rate per 100,000 population","Rate per 100,000 population","1/1/2005 12:00:00 AM",1.01233592
"Switzerland","Homicide, Rate per 100,000 population","Rate per 100,000 population","1/1/2000 12:00:00 AM",0.96293657
"Switzerland","Homicide, Rate per 100,000 population","Rate per 100,000 population","1/1/2001 12:00:00 AM",1.19431456
"Switzerland","Homicide, Rate per 100,000 population","Rate per 100,000 population","1/1/2002 12:00:00 AM",1.18759745
"Switzerland","Homicide, Rate per 100,000 population","Rate per 100,000 population","1/1/2003 12:00:00 AM",1.00149827
"Switzerland","Homicide, Rate per 100,000 population","Rate per 100,000 population","1/1/2004 12:00:00 AM",1.06200517
"Switzerland","Homicide, Rate per 100,000 population","Rate per 100,000 population","1/1/2006 12:00:00 AM",0.80190672
"Switzerland","Homicide, Rate per 100,000 population","Rate per 100,000 population","1/1/2007 12:00:00 AM",0.67418297
"Netherlands","Homicide, Rate per 100,000 population","Rate per 100,000 population","1/1/2013 12:00:00 AM",0.74039166
"Netherlands","Homicide, Rate per 100,000 population","Rate per 100,000 population","1/1/2012 12:00:00 AM",0.86274686
"Netherlands","Homicide, Rate per 100,000 population","Rate per 100,000 population","1/1/2011 12:00:00 AM",0.85472071
"Netherlands","Homicide, Rate per 100,000 population","Rate per 100,000 population","1/1/2010 12:00:00 AM",0.86667405
"Netherlands","Homicide, Rate per 100,000 population","Rate per 100,000 population","1/1/2009 12:00:00 AM",0.9298797
"Netherlands","Homicide, Rate per 100,000 population","Rate per 100,000 population","1/1/2008 12:00:00 AM",0.90885995
"Netherlands","Homicide, Rate per 100,000 population","Rate per 100,000 population","1/1/2005 12:00:00 AM",1.06733786
"Netherlands","Homicide, Rate per 100,000 population","Rate per 100,000 population","1/1/2000 12:00:00 AM",1.13494045
"Netherlands","Homicide, Rate per 100,000 population","Rate per 100,000 population","1/1/2001 12:00:00 AM",1.26644069
"Netherlands","Homicide, Rate per 100,000 population","Rate per 100,000 population","1/1/2002 12:00:00 AM",1.21553127
"Netherlands","Homicide, Rate per 100,000 population","Rate per 100,000 population","1/1/2003 12:00:00 AM",1.2520216
"Netherlands","Homicide, Rate per 100,000 population","Rate per 100,000 population","1/1/2004 12:00:00 AM",1.17745955
"Netherlands","Homicide, Rate per 100,000 population","Rate per 100,000 population","1/1/2006 12:00:00 AM",0.78164058
"Netherlands","Homicide, Rate per 100,000 population","Rate per 100,000 population","1/1/2007 12:00:00 AM",0.86967902
"Monaco","Homicide, Rate per 100,000 population","Rate per 100,000 population","1/1/2008 12:00:00 AM",0
"Monaco","Homicide, Rate per 100,000 population","Rate per 100,000 population","1/1/2005 12:00:00 AM",2.95787979
"Monaco","Homicide, Rate per 100,000 population","Rate per 100,000 population","1/1/2001 12:00:00 AM",3.08966199
"Monaco","Homicide, Rate per 100,000 population","Rate per 100,000 population","1/1/2004 12:00:00 AM",2.99886043
"Monaco","Homicide, Rate per 100,000 population","Rate per 100,000 population","1/1/2006 12:00:00 AM",2.90959877
"Monaco","Homicide, Rate per 100,000 population","Rate per 100,000 population","1/1/2007 12:00:00 AM",0
"Luxembourg","Homicide, Rate per 100,000 population","Rate per 100,000 population","1/1/2013 12:00:00 AM",0.191361
"Luxembourg","Homicide, Rate per 100,000 population","Rate per 100,000 population","1/1/2011 12:00:00 AM",0.78723004
"Luxembourg","Homicide, Rate per 100,000 population","Rate per 100,000 population","1/1/2010 12:00:00 AM",1.96894966
"Luxembourg","Homicide, Rate per 100,000 population","Rate per 100,000 population","1/1/2009 12:00:00 AM",1.00378225
"Luxembourg","Homicide, Rate per 100,000 population","Rate per 100,000 population","1/1/2008 12:00:00 AM",1.64166547
"Luxembourg","Homicide, Rate per 100,000 population","Rate per 100,000 population","1/1/2005 12:00:00 AM",0.8736543
"Luxembourg","Homicide, Rate per 100,000 population","Rate per 100,000 population","1/1/2000 12:00:00 AM",0.91719769
"Luxembourg","Homicide, Rate per 100,000 population","Rate per 100,000 population","1/1/2001 12:00:00 AM",2.04481786
"Luxembourg","Homicide, Rate per 100,000 population","Rate per 100,000 population","1/1/2002 12:00:00 AM",1.35280165
"Luxembourg","Homicide, Rate per 100,000 population","Rate per 100,000 population","1/1/2003 12:00:00 AM",0.67114695
"Luxembourg","Homicide, Rate per 100,000 population","Rate per 100,000 population","1/1/2004 12:00:00 AM",0.4429208
"Luxembourg","Homicide, Rate per 100,000 population","Rate per 100,000 population","1/1/2006 12:00:00 AM",1.50147252
"Luxembourg","Homicide, Rate per 100,000 population","Rate per 100,000 population","1/1/2007 12:00:00 AM",1.46968049
"Liechtenstein","Homicide, Rate per 100,000 population","Rate per 100,000 population","1/1/2013 12:00:00 AM",0
"Liechtenstein","Homicide, Rate per 100,000 population","Rate per 100,000 population","1/1/2012 12:00:00 AM",0
"Liechtenstein","Homicide, Rate per 100,000 population","Rate per 100,000 population","1/1/2011 12:00:00 AM",0
"Liechtenstein","Homicide, Rate per 100,000 population","Rate per 100,000 population","1/1/2010 12:00:00 AM",2.76724687
"Liechtenstein","Homicide, Rate per 100,000 population","Rate per 100,000 population","1/1/2009 12:00:00 AM",0
"Liechtenstein","Homicide, Rate per 100,000 population","Rate per 100,000 population","1/1/2008 12:00:00 AM",2.80898876
"Liechtenstein","Homicide, Rate per 100,000 population","Rate per 100,000 population","1/1/2005 12:00:00 AM",0
"Liechtenstein","Homicide, Rate per 100,000 population","Rate per 100,000 population","1/1/2000 12:00:00 AM",0
"Liechtenstein","Homicide, Rate per 100,000 population","Rate per 100,000 population","1/1/2001 12:00:00 AM",0
"Liechtenstein","Homicide, Rate per 100,000 population","Rate per 100,000 population","1/1/2002 12:00:00 AM",0
"Liechtenstein","Homicide, Rate per 100,000 population","Rate per 100,000 population","1/1/2003 12:00:00 AM",0
"Liechtenstein","Homicide, Rate per 100,000 population","Rate per 100,000 population","1/1/2004 12:00:00 AM",2.89234685
"Liechtenstein","Homicide, Rate per 100,000 population","Rate per 100,000 population","1/1/2006 12:00:00 AM",0
"Liechtenstein","Homicide, Rate per 100,000 population","Rate per 100,000 population","1/1/2007 12:00:00 AM",0
"Germany","Homicide, Rate per 100,000 population","Rate per 100,000 population","1/1/2013 12:00:00 AM",0.70348247
"Germany","Homicide, Rate per 100,000 population","Rate per 100,000 population","1/1/2012 12:00:00 AM",0.69464533
"Germany","Homicide, Rate per 100,000 population","Rate per 100,000 population","1/1/2011 12:00:00 AM",0.79511747
"Germany","Homicide, Rate per 100,000 population","Rate per 100,000 population","1/1/2010 12:00:00 AM",0.83115102
"Germany","Homicide, Rate per 100,000 population","Rate per 100,000 population","1/1/2009 12:00:00 AM",0.84873342
"Germany","Homicide, Rate per 100,000 population","Rate per 100,000 population","1/1/2008 12:00:00 AM",0.86591989
"Germany","Homicide, Rate per 100,000 population","Rate per 100,000 population","1/1/2005 12:00:00 AM",1.03654782
"Germany","Homicide, Rate per 100,000 population","Rate per 100,000 population","1/1/2000 12:00:00 AM",1.21538752
"Germany","Homicide, Rate per 100,000 population","Rate per 100,000 population","1/1/2001 12:00:00 AM",1.10667827
"Germany","Homicide, Rate per 100,000 population","Rate per 100,000 population","1/1/2002 12:00:00 AM",1.14118202
"Germany","Homicide, Rate per 100,000 population","Rate per 100,000 population","1/1/2003 12:00:00 AM",1.0252006
"Germany","Homicide, Rate per 100,000 population","Rate per 100,000 population","1/1/2004 12:00:00 AM",1.03519614
"Germany","Homicide, Rate per 100,000 population","Rate per 100,000 population","1/1/2006 12:00:00 AM",0.96488785
"Germany","Homicide, Rate per 100,000 population","Rate per 100,000 population","1/1/2007 12:00:00 AM",0.90573214
"France","Homicide, Rate per 100,000 population","Rate per 100,000 population","1/1/2013 12:00:00 AM",1.20289631
"France","Homicide, Rate per 100,000 population","Rate per 100,000 population","1/1/2012 12:00:00 AM",1.2214627
"France","Homicide, Rate per 100,000 population","Rate per 100,000 population","1/1/2011 12:00:00 AM",1.34218535
"France","Homicide, Rate per 100,000 population","Rate per 100,000 population","1/1/2010 12:00:00 AM",1.25887885
"France","Homicide, Rate per 100,000 population","Rate per 100,000 population","1/1/2009 12:00:00 AM",1.30230864
"France","Homicide, Rate per 100,000 population","Rate per 100,000 population","1/1/2008 12:00:00 AM",1.63222595
"France","Homicide, Rate per 100,000 population","Rate per 100,000 population","1/1/2005 12:00:00 AM",1.58841313
"France","Homicide, Rate per 100,000 population","Rate per 100,000 population","1/1/2000 12:00:00 AM",1.77494519
"France","Homicide, Rate per 100,000 population","Rate per 100,000 population","1/1/2001 12:00:00 AM",1.75669036
"France","Homicide, Rate per 100,000 population","Rate per 100,000 population","1/1/2002 12:00:00 AM",1.86351717
"France","Homicide, Rate per 100,000 population","Rate per 100,000 population","1/1/2003 12:00:00 AM",1.63065998
"France","Homicide, Rate per 100,000 population","Rate per 100,000 population","1/1/2004 12:00:00 AM",1.62288332
"France","Homicide, Rate per 100,000 population","Rate per 100,000 population","1/1/2006 12:00:00 AM",1.42128968
"France","Homicide, Rate per 100,000 population","Rate per 100,000 population","1/1/2007 12:00:00 AM",1.5961839
"Belgium","Homicide, Rate per 100,000 population","Rate per 100,000 population","1/1/2013 12:00:00 AM",1.76431782
"Belgium","Homicide, Rate per 100,000 population","Rate per 100,000 population","1/1/2012 12:00:00 AM",1.7391919
"Belgium","Homicide, Rate per 100,000 population","Rate per 100,000 population","1/1/2011 12:00:00 AM",1.92340824
"Belgium","Homicide, Rate per 100,000 population","Rate per 100,000 population","1/1/2010 12:00:00 AM",1.71826206
"Belgium","Homicide, Rate per 100,000 population","Rate per 100,000 population","1/1/2009 12:00:00 AM",1.73994041
"Belgium","Homicide, Rate per 100,000 population","Rate per 100,000 population","1/1/2008 12:00:00 AM",1.88441535
"Belgium","Homicide, Rate per 100,000 population","Rate per 100,000 population","1/1/2005 12:00:00 AM",2.10314349
"Belgium","Homicide, Rate per 100,000 population","Rate per 100,000 population","1/1/2000 12:00:00 AM",2.06459052
"Belgium","Homicide, Rate per 100,000 population","Rate per 100,000 population","1/1/2001 12:00:00 AM",2.73765809
"Belgium","Homicide, Rate per 100,000 population","Rate per 100,000 population","1/1/2002 12:00:00 AM",3.08541403
"Belgium","Homicide, Rate per 100,000 population","Rate per 100,000 population","1/1/2003 12:00:00 AM",2.21474281
"Belgium","Homicide, Rate per 100,000 population","Rate per 100,000 population","1/1/2004 12:00:00 AM",2.5668096
"Belgium","Homicide, Rate per 100,000 population","Rate per 100,000 population","1/1/2006 12:00:00 AM",2.08732164
"Belgium","Homicide, Rate per 100,000 population","Rate per 100,000 population","1/1/2007 12:00:00 AM",1.97601474
"Austria","Homicide, Rate per 100,000 population","Rate per 100,000 population","1/1/2013 12:00:00 AM",0.71430914
"Austria","Homicide, Rate per 100,000 population","Rate per 100,000 population","1/1/2012 12:00:00 AM",1.02353127
"Austria","Homicide, Rate per 100,000 population","Rate per 100,000 population","1/1/2011 12:00:00 AM",0.92195866
"Austria","Homicide, Rate per 100,000 population","Rate per 100,000 population","1/1/2010 12:00:00 AM",0.69031807
"Austria","Homicide, Rate per 100,000 population","Rate per 100,000 population","1/1/2009 12:00:00 AM",0.60919446
"Austria","Homicide, Rate per 100,000 population","Rate per 100,000 population","1/1/2008 12:00:00 AM",0.69526616
"Austria","Homicide, Rate per 100,000 population","Rate per 100,000 population","1/1/2005 12:00:00 AM",0.65545085
"Austria","Homicide, Rate per 100,000 population","Rate per 100,000 population","1/1/2000 12:00:00 AM",1.02241049
"Austria","Homicide, Rate per 100,000 population","Rate per 100,000 population","1/1/2001 12:00:00 AM",0.86962571
"Austria","Homicide, Rate per 100,000 population","Rate per 100,000 population","1/1/2002 12:00:00 AM",0.80328194
"Austria","Homicide, Rate per 100,000 population","Rate per 100,000 population","1/1/2003 12:00:00 AM",0.61407544
"Austria","Homicide, Rate per 100,000 population","Rate per 100,000 population","1/1/2004 12:00:00 AM",0.72011314
"Austria","Homicide, Rate per 100,000 population","Rate per 100,000 population","1/1/2006 12:00:00 AM",0.73694701
"Austria","Homicide, Rate per 100,000 population","Rate per 100,000 population","1/1/2007 12:00:00 AM",0.54142093
